data_doi,data_publisher,data_title,data_publication_year,data_authors,relation_type,pub_doi,pub_title,pub_date,pub_authors,pub_type,pub_publisher,source_id
10.5285/ec921bc2-5538-47ed-9e72-0d687b4ca4d3,Environmental Information Data Centre (EIDC),"UK maps of habitat suitability surfaces at 1km resolution for mammals, lichens, bryophytes, plants and invertebrates 2000-2015",2022.0,"['Boyd, R.', 'Pescott, O.L.', 'Ball, S.', 'Barber, T.', 'Boardman, P.', 'Fox, R.', 'Harrower, C.', 'Harvey, M.', 'Haysom, K.', 'Julian, A.', 'MacAdam, C.', 'Mathews, F.', 'Morris, R.', 'Palmer, S.', 'Preston, C.', 'Roy, D.', 'Simkin, J.', 'Taylor, P.', 'Walker, K.', 'Ward, R.']",references,https://www.theccc.org.uk/publication/uk-rural-land-use-archetypes-part-2/,"UK rural land use archetypes - part two (UKCEH, Eunomia, and University of East Anglia) - Climate Change Committee",2025-05-21,['Committee on Climate Change'],Publication,Committee on Climate Change,overton
10.5285/94ae1a5a-2a28-4315-8d4b-35ae964fc3b9,Environmental Information Data Centre (EIDC),MultiMOVE Model: Ensemble niche modelling of British vegetation v2.0.1,2015.0,"['Henrys, P.A.', 'Butler, A.', 'Jarvis, S.G.', 'Smart, S.M.', 'Fang, Z.']",references,https://gov.wales/habitat-suitability-modelling-scoping-study,Habitat suitability modelling: scoping study,2020-11-16,['The Welsh Government'],Publication,The Welsh Government,overton
10.5285/94ae1a5a-2a28-4315-8d4b-35ae964fc3b9,Environmental Information Data Centre (EIDC),MultiMOVE Model: Ensemble niche modelling of British vegetation v2.0.1,2015.0,"['Henrys, P.A.', 'Butler, A.', 'Jarvis, S.G.', 'Smart, S.M.', 'Fang, Z.']",references,https://www.gov.wales/habitat-suitability-modelling-scoping-study,Habitat suitability modelling: scoping study,2019-09-12,['The Welsh Government'],Publication,The Welsh Government,overton
10.5285/2f835517-253e-4697-b774-ab6ff2c0d3da,Environmental Information Data Centre (EIDC),Grid-to-Grid model estimates of river flow for Great Britain driven by observed data (1980 to 2011),2021.0,"['Kay, A.L.', 'Rudd, A.C.', 'Davies, H.N.', 'Lane, R.A.', 'Bell, V.A.']",references,http://cdm21006.contentdm.oclc.org/cdm/ref/collection/p21006coll3/id/21915,Review of the Classification Framework for Ecological Status/Potential under the Water Environment (Water Framework Directive) England and Wales Regulations,2025-05-01,"['Water', 'Department for Environment, Food & Rural Affairs']",Publication,"Department for Environment, Food & Rural Affairs",overton
10.5285/6c6c9203-7333-4d96-88ab-78925e7a4e73,Environmental Information Data Centre (EIDC),"Land Cover Map 2015 (vector, GB)",2017.0,"['Rowland, C.S.', 'Morton, R.D.', 'Carrasco, L.', 'McShane, G.', ""O'Neil, A.W."", 'Wood, C.M.']",references,http://cdm21006.contentdm.oclc.org/cdm/ref/collection/p21006coll3/id/916,EODIP MIO7 The role of earth observation in an integrated framework for assessing peatland habitat condition and its impact on greenhouse gas accounting,2021-06-30,"['CSA - Chief Scientific Adviser', 'Department for Environment, Food & Rural Affairs']",Publication,"Department for Environment, Food & Rural Affairs",overton
10.5285/6c6c9203-7333-4d96-88ab-78925e7a4e73,Environmental Information Data Centre (EIDC),"Land Cover Map 2015 (vector, GB)",2017.0,"['Rowland, C.S.', 'Morton, R.D.', 'Carrasco, L.', 'McShane, G.', ""O'Neil, A.W."", 'Wood, C.M.']",references,https://www.ons.gov.uk/releases/seminaturalhabitatsaccountsuk2020,"Semi-natural habitats accounts, UK: 2021",2021-02-10,['Office for National Statistics'],Publication,Office for National Statistics,overton
10.5285/6c6c9203-7333-4d96-88ab-78925e7a4e73,Environmental Information Data Centre (EIDC),"Land Cover Map 2015 (vector, GB)",2017.0,"['Rowland, C.S.', 'Morton, R.D.', 'Carrasco, L.', 'McShane, G.', ""O'Neil, A.W."", 'Wood, C.M.']",references,https://www.unsdsn.org/resources/pathways-to-sustainable-land-use-and-food-systems,Pathways to Sustainable Land-Use & Food Systems,2020-12-01,['Sustainable Development Solutions Network'],Publication,Sustainable Development Solutions Network,overton
10.5285/6c6c9203-7333-4d96-88ab-78925e7a4e73,Environmental Information Data Centre (EIDC),"Land Cover Map 2015 (vector, GB)",2017.0,"['Rowland, C.S.', 'Morton, R.D.', 'Carrasco, L.', 'McShane, G.', ""O'Neil, A.W."", 'Wood, C.M.']",references,https://www.planthealthcentre.scot/publications/using-modelling-investigate-effectiveness-national-surveillance-monitoring-aimed,Using modelling to investigate the effectiveness of national surveillance monitoring aimed at detecting a Xylella fastidiosa outbreak in Scotland,2019-11-01,['Plant Health Centre'],Publication,Plant Health Centre,overton
10.5285/6c6c9203-7333-4d96-88ab-78925e7a4e73,Environmental Information Data Centre (EIDC),"Land Cover Map 2015 (vector, GB)",2017.0,"['Rowland, C.S.', 'Morton, R.D.', 'Carrasco, L.', 'McShane, G.', ""O'Neil, A.W."", 'Wood, C.M.']",references,https://www.centreforcities.org/publication/homes-on-the-right-tracks/,Homes on the right tracks,2019-09-23,['Paul Cheshire and Boyana Buyuklieva'],Publication,Centre for Cities,overton
10.5285/6c6c9203-7333-4d96-88ab-78925e7a4e73,Environmental Information Data Centre (EIDC),"Land Cover Map 2015 (vector, GB)",2017.0,"['Rowland, C.S.', 'Morton, R.D.', 'Carrasco, L.', 'McShane, G.', ""O'Neil, A.W."", 'Wood, C.M.']",references,https://www.unsdsn.org/resources/pathways-to-sustainable-land-use-and-food-systems-report,Pathways to Sustainable Land-Use and Food Systems Report,2019-07-25,['Sustainable Development Solutions Network'],Publication,Sustainable Development Solutions Network,overton
10.5285/f7ef2dc5-2bce-4436-8f65-90f7a99acff2,Environmental Information Data Centre (EIDC),National Plant Monitoring Scheme survey data (2015-2022),2023.0,['National Plant Monitoring Scheme '],references,http://cdm21006.contentdm.oclc.org/cdm/ref/collection/p21006coll3/id/21259,Living England 2022-23,2024-08-29,"['Biodiversity and Ecosystem Evidence Programme', 'Department for Environment, Food & Rural Affairs']",Publication,"Department for Environment, Food & Rural Affairs",overton
10.5285/a22baa7c-5809-4a02-87e0-3cf87d4e223a,Environmental Information Data Centre (EIDC),"Land Cover Map 2021 (10m classified pixels, GB)",2022.0,"['Marston, C.', 'Rowland, C.S.', ""O'Neil, A.W."", 'Morton, R.D.']",references,https://www.greatermanchester-ca.gov.uk/media/9526/gm-state-of-nature-report.pdf,Greater Manchester State of Nature,2024-03-05,['Greater Manchester Combined Authority'],Publication,Greater Manchester Combined Authority,overton
10.5285/a22baa7c-5809-4a02-87e0-3cf87d4e223a,Environmental Information Data Centre (EIDC),"Land Cover Map 2021 (10m classified pixels, GB)",2022.0,"['Marston, C.', 'Rowland, C.S.', ""O'Neil, A.W."", 'Morton, R.D.']",references,https://www.greatermanchester-ca.gov.uk/media/0i3din2b/appendix-3-greater-manchester-state-of-nature-report.pdf,Greater Manchester State of Nature,2024-03-05,['Greater Manchester Combined Authority'],Publication,Greater Manchester Combined Authority,overton
10.5285/a22baa7c-5809-4a02-87e0-3cf87d4e223a,Environmental Information Data Centre (EIDC),"Land Cover Map 2021 (10m classified pixels, GB)",2022.0,"['Marston, C.', 'Rowland, C.S.', ""O'Neil, A.W."", 'Morton, R.D.']",references,https://democracy.greatermanchester-ca.gov.uk/mgConvert2PDF.aspx?ID=31629,Greater Manchester State of Nature,2024-03-04,['Greater Manchester Combined Authority'],Publication,Greater Manchester Combined Authority,overton
10.5285/a22baa7c-5809-4a02-87e0-3cf87d4e223a,Environmental Information Data Centre (EIDC),"Land Cover Map 2021 (10m classified pixels, GB)",2022.0,"['Marston, C.', 'Rowland, C.S.', ""O'Neil, A.W."", 'Morton, R.D.']",references,https://democracy.greatermanchester-ca.gov.uk/documents/s31797/08a%20-%20State%20of%20Nature%20Report.pdf,Greater Manchester State of Nature,2024-03-04,['Greater Manchester Combined Authority'],Publication,Greater Manchester Combined Authority,overton
10.5285/f710bed1-e564-47bf-b82c-4c2a2fe2810e,Environmental Information Data Centre (EIDC),Historic reconstructions of daily river flow for 303 UK catchments (1891-2015),2018.0,"['Smith, K.A.', 'Tanguy, M.', 'Hannaford, J.', 'Prudhomme, C.']",references,https://www.gov.uk/government/publications/review-of-stochastic-and-other-approaches-in-water-resources-planning,Review of stochastic and other approaches in water resources planning,2025-06-06,['Environment Agency'],Publication,The UK Government,overton
10.5285/44c577d3-665f-40de-adce-74ecad7b304a,Environmental Information Data Centre (EIDC),Code and UK observation-based historical climate input data for the Rainfall and Weather GENerator (RWGEN) stochastic model,2024.0,"['Pritchard, D.']",references,https://www.gov.uk/government/publications/review-of-stochastic-and-other-approaches-in-water-resources-planning,Review of stochastic and other approaches in water resources planning,2025-06-06,['Environment Agency'],Publication,The UK Government,overton
10.5285/dbf13dd5-90cd-457a-a986-f2f9dd97e93c,Environmental Information Data Centre (EIDC),Gridded estimates of daily and monthly areal rainfall for the United Kingdom (1890-2019) [CEH-GEAR],2021.0,"['Tanguy, M.', 'Dixon, H.', 'Prosdocimi, I.', 'Morris, D.G.', 'Keller, V.D.J.']",references,https://www.gov.uk/government/publications/review-of-stochastic-and-other-approaches-in-water-resources-planning,Review of stochastic and other approaches in water resources planning,2025-06-06,['Environment Agency'],Publication,The UK Government,overton
10.5285/8f09b7e6-6daa-4823-b338-4edad8de1461,Environmental Information Data Centre (EIDC),Risk of Phytophthora infection in heathland fragments across Scotland,2016.0,"['Searle, K.', 'Schlenzig, A.', 'Harris, C.', 'Butler, A.', 'Purse, B.V.']",references,https://www.planthealthcentre.scot/publications/potential-ecological-and-epidemiological-models-inform-assessment-and-mitigation,The potential of ecological and epidemiological models to inform assessment and mitigation of biosecurity risks arising from large scale planting,2021-10-01,['Plant Health Centre'],Publication,Plant Health Centre,overton
10.5285/d329f4d6-95ba-4134-b77a-a377e0755653,Environmental Information Data Centre (EIDC),Climate hydrology and ecology research support system potential evapotranspiration dataset for Great Britain (1961-2012) [CHESS-PE],2015.0,"['Robinson, E.L.', 'Blyth, E.', 'Clark, D.B.', 'Finch, J.', 'Rudd, A.C.']",references,https://www.gov.uk/government/publications/document-to-inform-a-habitats-regulations-assessment-for-rostherne-mere-ramsar-site-and-midland-meres-and-mosses-phase-1-ramsar-site-ec-016-00003,Document to inform a Habitats Regulations Assessment for Rostherne Mere Ramsar site and Midland Meres and Mosses Phase 1 Ramsar site (EC-016-00003),2022-01-25,['High Speed Two (HS2) Limited'],Publication,The UK Government,overton
10.5285/d329f4d6-95ba-4134-b77a-a377e0755653,Environmental Information Data Centre (EIDC),Climate hydrology and ecology research support system potential evapotranspiration dataset for Great Britain (1961-2012) [CHESS-PE],2015.0,"['Robinson, E.L.', 'Blyth, E.', 'Clark, D.B.', 'Finch, J.', 'Rudd, A.C.']",references,https://www.gov.uk/government/publications/glossary-abbreviations-and-references,"Glossary, abbreviations and references",2022-01-24,['High Speed Two (HS2) Limited'],Publication,The UK Government,overton
10.5285/d329f4d6-95ba-4134-b77a-a377e0755653,Environmental Information Data Centre (EIDC),Climate hydrology and ecology research support system potential evapotranspiration dataset for Great Britain (1961-2012) [CHESS-PE],2015.0,"['Robinson, E.L.', 'Blyth, E.', 'Clark, D.B.', 'Finch, J.', 'Rudd, A.C.']",references,https://www.gov.uk/government/publications/water-resources-assessment-wr-003-0ma06,Water resources assessment (WR-003-0MA06),2022-01-24,['High Speed Two (HS2) Limited'],Publication,The UK Government,overton
10.5285/35c7d0e5-1121-4381-9940-75f7673c98f7,Environmental Information Data Centre (EIDC),"Land Cover Map 2020 (10m classified pixels, GB)",2021.0,"['Morton, R.D.', 'Marston, C.G.', ""O'Neil, A.W."", 'Rowland, C.S.']",references,https://www.crew.ac.uk/publication/mitigating-climate-change-phase-2,Mitigating climate change impacts on the water quality of Scottish standing waters | CREW | Scotland's Centre of Expertise for Waters,2024-03-20,['Center of Expertise for Waters'],Publication,Center of Expertise for Waters,overton
10.5285/35c7d0e5-1121-4381-9940-75f7673c98f7,Environmental Information Data Centre (EIDC),"Land Cover Map 2020 (10m classified pixels, GB)",2021.0,"['Morton, R.D.', 'Marston, C.G.', ""O'Neil, A.W."", 'Rowland, C.S.']",references,http://naturvardsverket.diva-portal.org/smash/get/diva2:1717304/FULLTEXT01.pdf,Användningen av satellitdata för att utveckla miljöövervakningen i Sverige: En syntes,2022-12-06,['Naturvårdsverket'],Publication,Naturvårdsverket,overton
10.5285/35c7d0e5-1121-4381-9940-75f7673c98f7,Environmental Information Data Centre (EIDC),"Land Cover Map 2020 (10m classified pixels, GB)",2021.0,"['Morton, R.D.', 'Marston, C.G.', ""O'Neil, A.W."", 'Rowland, C.S.']",references,https://www.ivl.se/publikationer/publikationer/anvandningen-av-satellitdata-for-att-utveckla-miljoovervakningen-i-sverige---en-syntes.html,Användningen av satellitdata för att utveckla miljöövervakningen i Sverige – En syntes,2022-12-06,['IVL Svenska Miljöinstitutet'],Publication,IVL Svenska Miljöinstitutet,overton
10.5285/7727ce7d-531e-4d77-b756-5cc59ff016bd,Environmental Information Data Centre (EIDC),"Land Cover Map 2023 (10m classified pixels, GB)",2024.0,"['Morton, R.D.', 'Marston, C.G.', ""O'Neil, A.W."", 'Rowland, C.S.']",references,https://www.gov.uk/government/publications/exploring-recreational-water-use-in-england,Exploring recreational water use in England,2025-08-11,['Environment Agency'],Publication,The UK Government,overton
10.5285/a1f85307-cad7-4e32-a445-84410efdfa70,Environmental Information Data Centre (EIDC),"Land Cover Map 2021 (25m rasterised land parcels, GB)",2022.0,"['Marston, C.', 'Rowland, C.S.', ""O'Neil, A.W."", 'Morton, R.D.']",references,https://www.gov.wales/sustainable-farming-scheme-carbon-sequestration-evidence-review-panel-full-report,Sustainable Farming Scheme: Carbon Sequestration Evidence Review Panel: full report,2025-04-30,['The Welsh Government'],Publication,The Welsh Government,overton
10.5285/a1f85307-cad7-4e32-a445-84410efdfa70,Environmental Information Data Centre (EIDC),"Land Cover Map 2021 (25m rasterised land parcels, GB)",2022.0,"['Marston, C.', 'Rowland, C.S.', ""O'Neil, A.W."", 'Morton, R.D.']",references,https://gov.wales/sustainable-farming-scheme-carbon-sequestration-evidence-review-panel-full-report,Sustainable Farming Scheme: Carbon Sequestration Evidence Review Panel: full report,2025-04-30,['The Welsh Government'],Publication,The Welsh Government,overton
10.5285/f3723162-4fed-4d9d-92c6-dd17412fa37b,Environmental Information Data Centre (EIDC),Future flows hydrology data,2012.0,"['Haxton, T.', 'Crooks, S.', 'Jackson, C.R.', 'Barkwith, A.K.A.P.', 'Kelvin, J.', 'Williamson, J.', 'Mackay, J.D.', 'Wang, L.', 'Davies, H.', 'Young, A.', 'Prudhomme, C.']",references,https://www.gov.uk/government/publications/climate-change-and-eutrophication-risk-in-english-rivers,Climate change and eutrophication risk in English rivers,2016-03-23,['Environment Agency'],Publication,The UK Government,overton
10.5285/1bb90673-ad37-4679-90b9-0126109639a9,Environmental Information Data Centre (EIDC),"Hydrological projections for the UK, based on UK Climate Projections 2018 (UKCP18) data, from the Enhanced Future Flows and Groundwater (eFLaG) project",2022.0,"['Hannaford, J.', 'Mackay, J.', 'Ascott, M.', 'Bell, V.', 'Chitson, T.', 'Cole, S.', 'Counsell, C.', 'Durant, M.', 'Facer-Childs, K.', 'Jackson, C.', 'Kay, A.', 'Lane, R.', 'Mansour, M.', 'Moore, R.J.', 'Parry, S.', 'Rudd, A.', 'Simpson, M.', 'Turner, S.', 'Wallbank, J.', 'Wells, S.', 'Wilcox, A.']",references,https://www.gov.uk/government/publications/climate-change-health-effects-in-the-uk,Climate change: health effects in the UK,2023-12-11,['UK Health Security Agency'],Publication,The UK Government,overton
10.5285/eb5d9dc4-13bb-44c7-9bf8-c5980fcf52a4,Environmental Information Data Centre (EIDC),Potential evapotranspiration derived from the UK Climate Projections 2018 Regional Climate Model ensemble 1980-2080 (Hydro-PE UKCP18 RCM),2021.0,"['Robinson, E.L.', 'Kay, A.L.', 'Brown, M.', 'Chapman, R.', 'Bell, V.A.', 'Blyth, E.M.']",references,https://www.gov.uk/government/publications/review-of-the-research-and-scientific-understanding-of-drought,Review of the research and scientific understanding of drought,2023-11-28,['Environment Agency'],Publication,The UK Government,overton
10.5285/bad1514f-119e-44a4-8e1e-442735bb9797,Environmental Information Data Centre (EIDC),Future flows climate data,2012.0,"['Prudhomme, C.', 'Dadson, S.', 'Morris, D.', 'Williamson, J.', 'Goodsell, G.', 'Crooks, S.', 'Boolee, L.', 'Davies, H.', 'Buys, G.', 'Lafon, T.']",references,https://www.gov.uk/government/publications/future-water-resources,Future water resources,2024-10-31,['Department for Energy Security and Net Zero'],Publication,The UK Government,overton
10.5285/fd8151e9-0ee2-4dfa-a254-470c9bb9bc1e,Environmental Information Data Centre (EIDC),Sulphur and nitrogen atmospheric Concentration Based Estimated Deposition (CBED) data for the UK (2013-2015),2018.0,"['Smith, R.I.', 'Dore, A.J.', 'Tang, Y.S.', 'Stedman, J.R.']",references,https://royalsociety.org/topics-policy/publications/2018/ammonia-emissions-evidence-synthesis,The impact of ammonia emissions from agriculture on biodiversity,2019-06-03,['Royal Society'],Publication,Royal Society,overton
10.5285/fd8151e9-0ee2-4dfa-a254-470c9bb9bc1e,Environmental Information Data Centre (EIDC),Sulphur and nitrogen atmospheric Concentration Based Estimated Deposition (CBED) data for the UK (2013-2015),2018.0,"['Smith, R.I.', 'Dore, A.J.', 'Tang, Y.S.', 'Stedman, J.R.']",references,https://www.rand.org/pubs/research_reports/RR2695.html,Impact of ammonia emissions from agriculture on biodiversity,2018-09-16,"['Tabaqchali, Hadeel', 'Manville, Catriona', 'Giles, Sarah', 'Ioppolo, Becky', 'Harshfield, Amelia', 'Guthrie, Susan', 'Dunkerley, Fay']",Publication,RAND Corporation,overton
10.5285/c76096d6-45d4-4a69-a310-4c67f8dcf096,Environmental Information Data Centre (EIDC),"Water, carbon and energy fluxes simulation for Great Britain using the JULES Land Surface Model and the Climate Hydrology and Ecology research Support System meteorology dataset (1961-2015) [CHESS-land]",2018.0,"['Martinez de la Torre, A.', 'Blyth, E.M.', 'Robinson, E.L.']",references,https://www.climatexchange.org.uk/projects/perennial-energy-crops-and-their-potential-in-scotland-evidence-review/,Perennial energy crops and their potential in Scotland: evidence review,2020-12-17,"['Tom Priestley, Ricardo Energy & Environment', 'Judith Bates, Ricardo Energy & Environment', 'Jessie Willcocks, Ricardo Energy & Environment', 'Jeremy Wiltshire, Ricardo Energy & Environment', 'Becky Jenkins, Ricardo Energy & Environment', 'Helen McKay, Forest Research', 'Gareth Martin, Ricardo Energy & Environment', 'Leo Ingvorsen, Ricardo Energy & Environment', 'Steve Croxton, Uniper']",Publication,ClimateXChange,overton
10.5285/c4c2c5ae-d926-4ee0-b069-6479ecab2787,Environmental Information Data Centre (EIDC),Source Attribution - deposition of nitrogen and sulphur to UK protected sites,2017.0,"['Bealey, W.J.', 'Dore, A.J.']",references,https://committees.parliament.uk/writtenevidence/138903/pdf/,Joint Nature Conservation Committee (NIT0025),2025-03-20,['Environment and Climate Change Committee'],Publication,UK Parliament Select Committee Publications,overton
10.5285/c4c2c5ae-d926-4ee0-b069-6479ecab2787,Environmental Information Data Centre (EIDC),Source Attribution - deposition of nitrogen and sulphur to UK protected sites,2017.0,"['Bealey, W.J.', 'Dore, A.J.']",references,https://www.daera-ni.gov.uk/publications/air-pollution-and-natural-environment-research-modelling-reports,Air pollution and the natural environment research modelling reports,2022-12-21,['Northern Ireland Executive'],Publication,Northern Ireland Executive,overton
10.5285/346124fd-a0c6-490f-b5af-eaccbb26ab6b,Environmental Information Data Centre (EIDC),Historical (1950-2014) and projected (2015-2100) hydrological model (HMF-WA) estimates of monthly mean and annual maximum river flows across West Africa driven by CMIP6 projected climate data,2022.0,"['Rameshwaran, P.', 'Bell, V.A.', 'Brown, M.J.', 'Davies, H.N.']",references,https://hdl.handle.net/10568/128307,Climate Resilient Agriculture Development Pathways for the Agriculture sector in Senegal,2023-01-27,"['Alliance of Bioversity International and CIAT', 'African-German Network of Excellence in Science', 'Accelerating Impacts of CGIAR Climate Research for Africa']",Publication,CGIAR,overton
10.5285/299e2779-0787-46bb-9482-03ad474eae27,Environmental Information Data Centre (EIDC),Critical loads of acidity and nutrient nitrogen for UK habitats,2018.0,"['Hall, J.']",references,https://www.ecologic.eu/18640,Guidance Note on Site Selection,2022-02-15,['Ecologic Institute'],Publication,Ecologic Institute,overton
10.5285/32533dd6-7c1b-43e1-b892-e80d61a5ea1d,Environmental Information Data Centre (EIDC),"Corine land cover 2012 for the UK, Jersey and Guernsey",2015.0,"['Cole, B.', 'King, S.', 'Ogutu, B.', 'Palmer, D.', 'Smith, G.', 'Balzter, H.']",references,https://www.ippr.org/articles/natural-assets-north-final-report,A plan for nature in the north of England: Natural Assets North final report,2020-06-01,['Institute for Public Policy Research'],Publication,Institute for Public Policy Research,overton
10.5285/32533dd6-7c1b-43e1-b892-e80d61a5ea1d,Environmental Information Data Centre (EIDC),"Corine land cover 2012 for the UK, Jersey and Guernsey",2015.0,"['Cole, B.', 'King, S.', 'Ogutu, B.', 'Palmer, D.', 'Smith, G.', 'Balzter, H.']",references,https://gov.wales/valuation-welsh-forest-resources-report,Valuation of Welsh forest resources: report,2017-10-01,['The Welsh Government'],Publication,The Welsh Government,overton
10.5285/c6612cbe-50b3-0cff-e053-6c86abc09f8f,British Oceanographic Data Centre (BODC),The GEBCO_2021 Grid - a continuous terrain model of the global oceans and land.,2021.0,['GEBCO Bathymetric Compilation Group 2021'],references,https://unfccc.int/documents/568128,State of the Ocean Report 2022,2022-08-05,['United Nations Framework Convention on Climate Change'],Publication,United Nations Framework Convention on Climate Change,overton
10.5285/c6612cbe-50b3-0cff-e053-6c86abc09f8f,British Oceanographic Data Centre (BODC),The GEBCO_2021 Grid - a continuous terrain model of the global oceans and land.,2021.0,['GEBCO Bathymetric Compilation Group 2021'],references,https://unesdoc.unesco.org/notice?id=p::usmarcdef_0000381921,State of the ocean report 2022: pilot edition,2022-01-01,['Intergovernmental Oceanographic Commission'],Publication,UNESCO,overton
10.5285/c6612cbe-50b3-0cff-e053-6c86abc09f8f,British Oceanographic Data Centre (BODC),The GEBCO_2021 Grid - a continuous terrain model of the global oceans and land.,2021.0,['GEBCO Bathymetric Compilation Group 2021'],references,https://digitallibrary.un.org/record/4058930?ln=en,State of the ocean report 2022 :pilot edition,2022-01-01,['United Nations'],Publication,United Nations,overton
10.5285/c6612cbe-50b3-0cff-e053-6c86abc09f8f,British Oceanographic Data Centre (BODC),The GEBCO_2021 Grid - a continuous terrain model of the global oceans and land.,2021.0,['GEBCO Bathymetric Compilation Group 2021'],references,https://unesdoc.unesco.org/notice?id=p::usmarcdef_0000380358,"Exercice CARIBE WAVE 22, a Caribbean and Adjacent Regions Tsunami Warning Exercise, 10 March 2022 (Western Muertos Trough & Northern Panama Scenarios), Volume 1: participant handbook, Volume 2: summary report",2021-01-01,['Intergovernmental Oceanographic Commission'],Publication,UNESCO,overton
10.5285/d90a3733-2949-4dfa-8ac2-a88aef8699be,Environmental Information Data Centre (EIDC),UKCEH Land Cover Plus: Hedgerows 2016-2021 (England),2024.0,"['Broughton, R.K.', 'Burkmar, R.', 'McCracken, M.', 'Mitschunas, N.', 'Norton, L.R.', 'Pallett, D.W.', 'Patton, J.', 'Redhead, J.W.', 'Staley, J.T.', 'Wood, C.M.', 'Pywell, R.F.']",references,https://www.theccc.org.uk/publication/uk-rural-land-use-archetypes-part-2/,"UK rural land use archetypes - part two (UKCEH, Eunomia, and University of East Anglia) - Climate Change Committee",2025-05-21,['Committee on Climate Change'],Publication,Committee on Climate Change,overton
10.5285/1c44ce99-0a0d-5f4f-e063-7086abc0ea0f,British Oceanographic Data Centre (BODC),The GEBCO_2024 Grid - a continuous terrain model of the global oceans and land.,2024.0,['GEBCO Bathymetric Compilation Group 2024'],references,http://publications.gc.ca/site/eng/9.950917/publication.html,"Integrated pelagic ecosystem survey on the Vancouver Island continental shelf, June 24 - July 23, 2024 / Jackie R. King, Yeongha Jung, Kelsey L. Flynn, Hilari Dennis-Bohm, Amy M. Tabata, and Jennifer L. Boldt.: Fs97-6/3698E-PDF Publications - Canada.ca",2025-01-01,"['Canada Department of Fisheries and Oceans, issuing body.', 'Pacific Biological Station (1972- ), issuing body.']",Publication,Government of Canada,overton
10.5285/1c44ce99-0a0d-5f4f-e063-7086abc0ea0f,British Oceanographic Data Centre (BODC),The GEBCO_2024 Grid - a continuous terrain model of the global oceans and land.,2024.0,['GEBCO Bathymetric Compilation Group 2024'],references,https://blueconomy.govmu.org/Documents/Publications/SayaDeMalhaBank.pdf,Marine biodiversity of the Saya de Malha Bank shallows: A photographic catalogue,2024-12-16,"['Ministry of Blue Economy, Marine Resources, Fisheries and Shipping']",Publication,Government of Mauritius,overton
10.5285/1c44ce99-0a0d-5f4f-e063-7086abc0ea0f,British Oceanographic Data Centre (BODC),The GEBCO_2024 Grid - a continuous terrain model of the global oceans and land.,2024.0,['GEBCO Bathymetric Compilation Group 2024'],references,https://openknowledge.fao.org/handle/20.500.14283/cd3735en,Marine biodiversity of the Saya de Malha Bank shallows: A photographic catalogue,2024-01-01,"['Bhagooli, R.; Ramah, S.; Gendron, G.; Kaullysing, D.; Caussy, L.; Mostarda, E.;']",Publication,Food and Agriculture Organization of the United Nations,overton
10.5285/77b64c55-7166-4a06-9def-2e400398e452,Polar Data Centre (PDC),Antarctic and Greenland Ice Sheet mass balance 1992-2020 for IPCC AR6,2021.0,"['Shepherd, Andrew', 'Ivins, Erik', 'Rignot, Eric', 'Smith, Ben', 'van den Broeke, Michiel', 'Velicogna, Isabella', 'Whitehouse, Pippa', 'Briggs, Kate', 'Joughin, Ian', 'Krinner, Gerhard', 'Nowicki, Sophie', 'Payne, Antony', 'Scambos, Ted', 'Schlegel, Nicole', 'A, Geruo', 'Agosta, Cécile', 'Ahlstrøm, Andreas', 'Babonis, Greg', 'Barletta, Valentina', 'Bjørk, Anders', 'Blazquez, Alejandro', 'Bonin, Jennifer', 'Colgan, William', 'Csatho, Beata', 'Cullather, Richard', 'Engdahl, Marcus', 'Felikson, Denis', 'Fettweis, Xavier', 'Forsberg, René', 'Gallee, Hubert', 'Gardner, Alex', 'Gilbert, Lin', 'Gourmelen, Noel', 'Groh, Andreas', 'Gunter, Brian', 'Hanna, Edward', 'Harig, Christopher', 'Helm, Veit', 'Hogg, Anna', 'Horvath, Alexander', 'Horwath, Martin', 'Khan, Shfaqat', 'Kjeldsen, Kristian', 'Konrad, Hannes', 'Langen, Peter', 'Lecavalier, Benoit', 'Loomis, Bryant', 'Luthcke, Scott', 'McMillan, Malcolm', 'Melini, Daniele', 'Mernild, Sebastian', 'Mohajerani, Yara', 'Moore, Philip', 'Mottram, Ruth', 'Mouginot, Jeremie', 'Moyano, Gorka', 'Muir, Alan', 'Nagler, Thomas', 'Nield, Grace', 'Nilsson, Johan', 'Noël, Brice', 'Otosaka, Inès', 'Pattle, Mark', 'Peltier, W', 'Pie, Nadège', 'Rietbroek, Roelof', 'Rott, Helmut', 'Sørensen, Louise Sandberg', 'Sasgen, Ingo', 'Save, Himanshu', 'Scheuchl, Bernd', 'Schrama, Ernst', 'Schröder, Ludwig', 'Seo, Ki-Weon', 'Simonsen, Sebastian', 'Slater, Thomas', 'Spada, Giorgio', 'Sutterley, Tyler', 'Talpe, Matthieu', 'Tarasov, Lev', 'van de Berg, Willem Jan', 'van der Wal, Wouter', 'van Wessem, Melchior', 'Vishwakarma, Bramha Dutt', 'Wagner, Thomas', 'Wiese, David', 'Wilton, David', 'Wouters, Bert', 'Wuite, Jan']",references,https://committees.parliament.uk/writtenevidence/141600/pdf/,The UK Centre for Polar Observation and Modelling (CPOM) (SDY0027),2025-07-09,"['Science, Innovation and Technology Committee']",Publication,UK Parliament Select Committee Publications,overton
10.5285/77b64c55-7166-4a06-9def-2e400398e452,Polar Data Centre (PDC),Antarctic and Greenland Ice Sheet mass balance 1992-2020 for IPCC AR6,2021.0,"['Shepherd, Andrew', 'Ivins, Erik', 'Rignot, Eric', 'Smith, Ben', 'van den Broeke, Michiel', 'Velicogna, Isabella', 'Whitehouse, Pippa', 'Briggs, Kate', 'Joughin, Ian', 'Krinner, Gerhard', 'Nowicki, Sophie', 'Payne, Antony', 'Scambos, Ted', 'Schlegel, Nicole', 'A, Geruo', 'Agosta, Cécile', 'Ahlstrøm, Andreas', 'Babonis, Greg', 'Barletta, Valentina', 'Bjørk, Anders', 'Blazquez, Alejandro', 'Bonin, Jennifer', 'Colgan, William', 'Csatho, Beata', 'Cullather, Richard', 'Engdahl, Marcus', 'Felikson, Denis', 'Fettweis, Xavier', 'Forsberg, René', 'Gallee, Hubert', 'Gardner, Alex', 'Gilbert, Lin', 'Gourmelen, Noel', 'Groh, Andreas', 'Gunter, Brian', 'Hanna, Edward', 'Harig, Christopher', 'Helm, Veit', 'Hogg, Anna', 'Horvath, Alexander', 'Horwath, Martin', 'Khan, Shfaqat', 'Kjeldsen, Kristian', 'Konrad, Hannes', 'Langen, Peter', 'Lecavalier, Benoit', 'Loomis, Bryant', 'Luthcke, Scott', 'McMillan, Malcolm', 'Melini, Daniele', 'Mernild, Sebastian', 'Mohajerani, Yara', 'Moore, Philip', 'Mottram, Ruth', 'Mouginot, Jeremie', 'Moyano, Gorka', 'Muir, Alan', 'Nagler, Thomas', 'Nield, Grace', 'Nilsson, Johan', 'Noël, Brice', 'Otosaka, Inès', 'Pattle, Mark', 'Peltier, W', 'Pie, Nadège', 'Rietbroek, Roelof', 'Rott, Helmut', 'Sørensen, Louise Sandberg', 'Sasgen, Ingo', 'Save, Himanshu', 'Scheuchl, Bernd', 'Schrama, Ernst', 'Schröder, Ludwig', 'Seo, Ki-Weon', 'Simonsen, Sebastian', 'Slater, Thomas', 'Spada, Giorgio', 'Sutterley, Tyler', 'Talpe, Matthieu', 'Tarasov, Lev', 'van de Berg, Willem Jan', 'van der Wal, Wouter', 'van Wessem, Melchior', 'Vishwakarma, Bramha Dutt', 'Wagner, Thomas', 'Wiese, David', 'Wilton, David', 'Wouters, Bert', 'Wuite, Jan']",references,https://www.ipcc.ch/report/sixth-assessment-report-working-group-i/,AR6 Climate Change 2021: The Physical Science Basis,2021-08-01,['IPCC'],Publication,IPCC,overton
10.5285/76a29c5b55204b66a40308fc2ba9cdb3,Centre for Environmental Data Analysis (CEDA),GloboLakes: Lake Surface Water Temperature (LSWT) v4.0 (1995-2016),2019.0,"['Carrea, Laura', 'Merchant, Christopher J.']",references,https://www.ipcc.ch/report/sixth-assessment-report-working-group-ii/,"AR6 Climate Change 2022: Impacts, Adaptation and Vulnerability",2022-02-01,['IPCC'],Publication,IPCC,overton
10.5285/836f016a-33be-6ddc-e053-6c86abc0788e,British Oceanographic Data Centre (BODC),The GEBCO_2019 Grid - a continuous terrain model of the global oceans and land.,2019.0,['GEBCO Bathymetric Compilation Group 2019'],references,http://publications.gc.ca/site/eng/9.946292/publication.html,"Geologic map of the Canadian offshore Pacific Exclusive Economic Zone (version 1.0) / A.T. Baxter, M.D. Hannington, and C.H.G. Braga.: M183-2/9228E-PDF Publications - Canada.ca",2025-01-01,"['Geological Survey of Canada, issuing body.']",Publication,Government of Canada,overton
10.5285/836f016a-33be-6ddc-e053-6c86abc0788e,British Oceanographic Data Centre (BODC),The GEBCO_2019 Grid - a continuous terrain model of the global oceans and land.,2019.0,['GEBCO Bathymetric Compilation Group 2019'],references,https://novascotia.ca/fish/aquaculture/public-information/public-notice/Application-Posted-AQ1449-1450-1451-1452.pdf,Public Notice – Adjudicative Application Posted,2022-02-15,['Province of Nova Scotia'],Publication,Province of Nova Scotia,overton
10.5285/836f016a-33be-6ddc-e053-6c86abc0788e,British Oceanographic Data Centre (BODC),The GEBCO_2019 Grid - a continuous terrain model of the global oceans and land.,2019.0,['GEBCO Bathymetric Compilation Group 2019'],references,https://www.marineboard.eu/publications/marine-geohazards-safeguarding-society-and-blue-economy-hidden-threat,Marine geohazards: Safeguarding society and the Blue Economy from a hidden threat,2022-01-06,['European Marine Board'],Publication,European Marine Board,overton
10.5285/836f016a-33be-6ddc-e053-6c86abc0788e,British Oceanographic Data Centre (BODC),The GEBCO_2019 Grid - a continuous terrain model of the global oceans and land.,2019.0,['GEBCO Bathymetric Compilation Group 2019'],references,http://publications.gc.ca/site/eng/9.895680/publication.html,Supplement to the biophysical and ecological overview for Southampton Island (SI) EBSA to include additional areas within the Southampton Island area of interest (AOI).: Fs70-7/2020-055E-PDF Publications - Canada.ca,2020-12-01,"['Canadian Science Advisory Secretariat, issuing body.', 'Canada Department of Fisheries and Oceans Ontario and Prairie Region, issuing body.']",Publication,Government of Canada,overton
10.5285/836f016a-33be-6ddc-e053-6c86abc0788e,British Oceanographic Data Centre (BODC),The GEBCO_2019 Grid - a continuous terrain model of the global oceans and land.,2019.0,['GEBCO Bathymetric Compilation Group 2019'],references,http://publications.gc.ca/site/eng/9.886934/publication.html,Maritimes Region fisheries atlas : catch weight landings mapping (2014-2018) on a hexagon grid / by Kasia Rozalska and Scott Coffen-Smout.: Fs97-6/3373E-PDF Publications - Canada.ca,2020-01-01,"['Bedford Institute of Oceanography, issuing body', 'Canada Department of Fisheries and Oceans, issuing body']",Publication,Government of Canada,overton
10.5285/8c5d9e38-0244-4a39-8600-a85513a6fecf,Environmental Information Data Centre (EIDC),Source apportionment of nutrient contributions to rivers in England and Wales modelled with SAGIS,2017.0,"['Daldorph, P.']",references,https://committees.parliament.uk/writtenevidence/138903/pdf/,Joint Nature Conservation Committee (NIT0025),2025-03-20,['Environment and Climate Change Committee'],Publication,UK Parliament Select Committee Publications,overton
10.5285/9116e565-2c0a-455b-9c68-558fdd9179ad,Environmental Information Data Centre (EIDC),Climate hydrology and ecology research support system potential evapotranspiration dataset for Great Britain (1961-2017) [CHESS-PE],2020.0,"['Robinson, Emma L.', 'Blyth, E.M.', 'Clark, D.B.', 'Comyn-Platt, E.', 'Rudd, A.C.']",references,https://www.crew.ac.uk/publication/mitigating-climate-change-phase-2,Mitigating climate change impacts on the water quality of Scottish standing waters | CREW | Scotland's Centre of Expertise for Waters,2024-03-20,['Center of Expertise for Waters'],Publication,Center of Expertise for Waters,overton
10.5285/9116e565-2c0a-455b-9c68-558fdd9179ad,Environmental Information Data Centre (EIDC),Climate hydrology and ecology research support system potential evapotranspiration dataset for Great Britain (1961-2017) [CHESS-PE],2020.0,"['Robinson, Emma L.', 'Blyth, E.M.', 'Clark, D.B.', 'Comyn-Platt, E.', 'Rudd, A.C.']",references,https://www.crew.ac.uk/publication/assessing-climate-change-impacts-water-quality-scottish-standing-waters,Assessing climate change impacts on the water quality of Scottish standing waters | CREW | Scotland's Centre of Expertise for Waters,2022-04-25,['Center of Expertise for Waters'],Publication,Center of Expertise for Waters,overton
10.5285/76ebdc0b-0eed-4f70-b89e-55e606bcd568,Centre for Environmental Data Analysis (CEDA),VolcanEESM: Global volcanic sulphur dioxide (SO2) emissions database from 1850 to present - Version 1.0,2016.0,"['Neely III, R.R', 'Schmidt, A.']",references,https://soer.environment.gov.za/soer/UploadLibraryImages/UploadDocuments/200123104451_working%20group%20i.pdf,Climate Change 2021: The Physical Science Basis,2022-07-25,['Ministry of Environmental Affairs'],Publication,Government of South Africa,overton
10.5285/76ebdc0b-0eed-4f70-b89e-55e606bcd568,Centre for Environmental Data Analysis (CEDA),VolcanEESM: Global volcanic sulphur dioxide (SO2) emissions database from 1850 to present - Version 1.0,2016.0,"['Neely III, R.R', 'Schmidt, A.']",references,https://digitallibrary.un.org/record/4019737?ln=en,Climate Change 2021 : the physical science basis : Working Group I Technical Support Unit,2021-01-01,['United Nations'],Publication,United Nations,overton
10.5285/29726cda-09f5-4661-8fd4-ddaa5555466a,Environmental Information Data Centre (EIDC),Risk of Phytophthora infection in woodland and larch fragments across Scotland,2016.0,"['Purse, B.V.', 'Schlenzig, Alexandra', 'Harris, C.', 'Searle, K.']",references,https://www.planthealthcentre.scot/publications/potential-ecological-and-epidemiological-models-inform-assessment-and-mitigation,The potential of ecological and epidemiological models to inform assessment and mitigation of biosecurity risks arising from large scale planting,2021-10-01,['Plant Health Centre'],Publication,Plant Health Centre,overton
10.5285/f98b053b-0cbc-6c23-e053-6c86abc0af7b,British Oceanographic Data Centre (BODC),The GEBCO_2023 Grid - a continuous terrain model of the global oceans and land.,2023.0,['GEBCO Bathymetric Compilation Group 2023'],references,http://publications.gc.ca/site/eng/9.953193/publication.html,"Physical oceanographic conditions on the Newfoundland and Labrador Shelf during 2024 / Jonathan Coyne, Frédéric Cyr, Steve Snook, Charlie Bishop, Peter S. Galbraith, Jean-Luc Shaw, Nancy Chen, and Guoqi Han.: Fs97-18/401E-PDF Publications - Canada.ca",2025-01-01,"['Canada Department of Fisheries and Oceans, issuing body.']",Publication,Government of Canada,overton
10.5285/f98b053b-0cbc-6c23-e053-6c86abc0af7b,British Oceanographic Data Centre (BODC),The GEBCO_2023 Grid - a continuous terrain model of the global oceans and land.,2023.0,['GEBCO Bathymetric Compilation Group 2023'],references,http://publications.gc.ca/site/eng/9.945402/publication.html,Ocean and coastal ecosystem extent : data product specifications / by Jessica Andrews.: CS16-510/2024-5E-PDF Publications - Canada.ca,2024-12-16,"['Statistics Canada, issuing body.']",Publication,Government of Canada,overton
10.5285/f98b053b-0cbc-6c23-e053-6c86abc0af7b,British Oceanographic Data Centre (BODC),The GEBCO_2023 Grid - a continuous terrain model of the global oceans and land.,2023.0,['GEBCO Bathymetric Compilation Group 2023'],references,https://www.ffi.no/en/publications-archive/vurdering-av-metoder-for-a-overvake-dumpet-kjemisk-ammunisjon-i-skagerrak,Vurdering av metoder for å overvåke dumpet kjemisk ammunisjon i Skagerrak,2024-08-13,['Forsvarets forskningsinstitutt'],Publication,Forsvarets forskningsinstitutt,overton
10.5285/f98b053b-0cbc-6c23-e053-6c86abc0af7b,British Oceanographic Data Centre (BODC),The GEBCO_2023 Grid - a continuous terrain model of the global oceans and land.,2023.0,['GEBCO Bathymetric Compilation Group 2023'],references,https://hdl.handle.net/10986/41911,Scenarios for Offshore Wind Development in Brazil,2024-07-19,"['World Bank', 'Infra LCR Energy 1 (ILCE1)']",Publication,World Bank,overton
10.5285/f98b053b-0cbc-6c23-e053-6c86abc0af7b,British Oceanographic Data Centre (BODC),The GEBCO_2023 Grid - a continuous terrain model of the global oceans and land.,2023.0,['GEBCO Bathymetric Compilation Group 2023'],references,https://ambiente.gob.do/app/uploads/2024/12/Compendio-Republica-Dominicana-30x30-1.pdf,Compendio República Dominicana 30x30,2024-06-26,['Ministry of the Environment and Natural Resources'],Publication,Government of the Dominican Republic,overton
10.5285/f98b053b-0cbc-6c23-e053-6c86abc0af7b,British Oceanographic Data Centre (BODC),The GEBCO_2023 Grid - a continuous terrain model of the global oceans and land.,2023.0,['GEBCO Bathymetric Compilation Group 2023'],references,http://publications.gc.ca/site/eng/9.940647/publication.html,"Physical oceanographic conditions on the Newfoundland and Labrador Shelf during 2023 / by Frédéric Cyr, Jonathan Coyne, Steve Snook, Charlie Bishop, Peter S. Galbraith, Nancy Chen and Guoqi Han.: Fs97-18/382E-PDF Publications - Canada.ca",2024-01-01,"['Canada Department of Fisheries and Oceans, issuing body.']",Publication,Government of Canada,overton
10.5285/b745e7b1-626c-4ccc-ac27-56582e77b900,Environmental Information Data Centre (EIDC),Climate hydrology and ecology research support system meteorology dataset for Great Britain (1961-2015) [CHESS-met] v1.2,2017.0,"['Robinson, E.L.', 'Blyth, E.', 'Clark, D.B.', 'Comyn-Platt, E.', 'Finch, J.', 'Rudd, A.C.']",references,https://www.climatexchange.org.uk/projects/managing-permanent-grasslands-for-carbon-sequestration-in-scottish-soils/,Managing permanent grasslands for carbon sequestration in Scottish soils,2022-07-12,"['Joseph Oyesiku-Blakemore, University of Aberdeen', 'Marta Dondini']",Publication,ClimateXChange,overton
10.5285/b745e7b1-626c-4ccc-ac27-56582e77b900,Environmental Information Data Centre (EIDC),Climate hydrology and ecology research support system meteorology dataset for Great Britain (1961-2015) [CHESS-met] v1.2,2017.0,"['Robinson, E.L.', 'Blyth, E.', 'Clark, D.B.', 'Comyn-Platt, E.', 'Finch, J.', 'Rudd, A.C.']",references,https://www.crew.ac.uk/publication/assessing-climate-change-impacts-water-quality-scottish-standing-waters,Assessing climate change impacts on the water quality of Scottish standing waters | CREW | Scotland's Centre of Expertise for Waters,2022-04-25,['Center of Expertise for Waters'],Publication,Center of Expertise for Waters,overton
10.5285/b745e7b1-626c-4ccc-ac27-56582e77b900,Environmental Information Data Centre (EIDC),Climate hydrology and ecology research support system meteorology dataset for Great Britain (1961-2015) [CHESS-met] v1.2,2017.0,"['Robinson, E.L.', 'Blyth, E.', 'Clark, D.B.', 'Comyn-Platt, E.', 'Finch, J.', 'Rudd, A.C.']",references,https://www.climatexchange.org.uk/projects/the-potential-for-leguminous-crops-in-scotland/,The potential for leguminous crops in Scotland,2021-01-06,"['Jeremy Wiltshire, Ricardo Energy & Environment', 'Dave Freeman, Ricardo Energy & Environment', 'Jessie Willcocks, Ricardo Energy & Environment', 'Caroline Wood']",Publication,ClimateXChange,overton
10.5285/8baf805d-39ce-4dac-b224-c926ada353b7,Environmental Information Data Centre (EIDC),Climate hydrology and ecology research support system potential evapotranspiration dataset for Great Britain (1961-2015) [CHESS-PE],2016.0,"['Robinson, E.L.', 'Blyth, E.', 'Clark, D.B.', 'Comyn-Platt, E.', 'Finch, J.', 'Rudd, A.C.']",references,https://www.climatexchange.org.uk/projects/managing-permanent-grasslands-for-carbon-sequestration-in-scottish-soils/,Managing permanent grasslands for carbon sequestration in Scottish soils,2022-07-12,"['Joseph Oyesiku-Blakemore, University of Aberdeen', 'Marta Dondini']",Publication,ClimateXChange,overton
10.5285/8baf805d-39ce-4dac-b224-c926ada353b7,Environmental Information Data Centre (EIDC),Climate hydrology and ecology research support system potential evapotranspiration dataset for Great Britain (1961-2015) [CHESS-PE],2016.0,"['Robinson, E.L.', 'Blyth, E.', 'Clark, D.B.', 'Comyn-Platt, E.', 'Finch, J.', 'Rudd, A.C.']",references,https://www.gov.uk/government/publications/meeting-our-future-water-needs-a-national-framework-for-water-resources,Meeting our future water needs: a national framework for water resources,2020-03-16,['Environment Agency'],Publication,The UK Government,overton
10.5285/2a353d2d-c1b9-4bf7-8702-9e78910844bc,Environmental Information Data Centre (EIDC),"The Pantheon database: habitat related traits, conservation status and taxa associations for invertebrates in England",2017.0,"['Webb, J.', 'Heaver, D.', 'Lott, D.', 'Dean, H.J.', 'van Breda, J.', 'Curson, J.', 'Harvey, M.C.', 'Gurney, M.', 'Roy, D.B.', 'van Breda, A.', 'Drake, M.', 'Alexander, K.N.A.', 'Foster, G.']",references,https://www.crew.ac.uk/publication/moderating-extremes-water-availability-review-role-functioning-wetlands,Moderating extremes in water availability: a review of the role of functioning wetlands | CREW | Scotland's Centre of Expertise for Waters,2022-03-02,['Center of Expertise for Waters'],Publication,Center of Expertise for Waters,overton
10.5285/9c87edc2-a9be-4d4c-ae86-827bfeecd20c,Environmental Information Data Centre (EIDC),"Ammonia measurements from passive samplers at Ballynahone Bog field site, Northern Ireland (2018)",2019.0,"['Tang, S.', 'Stephens, A.', 'Crory, A.']",references,https://www.daera-ni.gov.uk/publications/air-pollution-and-natural-environment-research-monitoring-reports,Air pollution and the natural environment research monitoring reports,2022-12-21,['Northern Ireland Executive'],Publication,Northern Ireland Executive,overton
10.5285/ccfded8f-c8dc-4a24-8338-5af94dbfcc16,Environmental Information Data Centre (EIDC),Historic reconstructions of monthly groundwater levels for 54 UK boreholes (1891-2015),2018.0,"['Bloomfield, J.P.', 'Marchant, B.P.', 'Wang, L.']",references,https://www.gov.uk/government/publications/review-of-the-research-and-scientific-understanding-of-drought,Review of the research and scientific understanding of drought,2023-11-28,['Environment Agency'],Publication,The UK Government,overton
10.5285/6d8d5cb5-bd54-4da7-903a-15bd4bbd531b,Environmental Information Data Centre (EIDC),Plant-pollinator interactions database for construction of potential networks,2018.0,"['Redhead, J.W.', 'Coombes, C.F.', 'Dean, H.J.', 'Dyer, R.', 'Oliver, T.H.', 'Pocock, M.J.O.', 'Rorke, S.L.', 'Vanbergen, A.J.', 'Woodcock, B.A.', 'Pywell, R.F.']",references,https://committees.parliament.uk/writtenevidence/12281/pdf/,BIO0050 - Biodiversity and Ecosystems,2020-10-08,['Environmental Audit Committee'],Publication,UK Parliament Select Committee Publications,overton
10.5285/d92c91ec-2f96-4ab2-8549-37d520dbd5fc,Environmental Information Data Centre (EIDC),Historic Standardised Groundwater level Index (SGI) for 54 UK boreholes (1891-2015),2018.0,"['Bloomfield, J.P.', 'Marchant, B.P.', 'Wang, L.']",references,https://www.gov.uk/government/publications/review-of-the-research-and-scientific-understanding-of-drought,Review of the research and scientific understanding of drought,2023-11-28,['Environment Agency'],Publication,The UK Government,overton
10.5285/d92c91ec-2f96-4ab2-8549-37d520dbd5fc,Environmental Information Data Centre (EIDC),Historic Standardised Groundwater level Index (SGI) for 54 UK boreholes (1891-2015),2018.0,"['Bloomfield, J.P.', 'Marchant, B.P.', 'Wang, L.']",references,https://committees.parliament.uk/writtenevidence/21952/pdf/,RSK0066 - Risk Assessment and Risk Planning,2021-05-20,['Risk Assessment and Risk Planning Committee'],Publication,UK Parliament Select Committee Publications,overton
10.5285/caf989a5-82d7-4db7-b6ff-c0475fdae07e,Environmental Information Data Centre (EIDC),"Snow Survey of Great Britain: transcribed data for Scotland, 1945 to 2007",2016.0,"['Spencer, M.']",references,https://www.climatexchange.org.uk/projects/snow-cover-and-climate-change-in-the-cairngorms-national-park/,Snow Cover and Climate Change in the Cairngorms National Park,2019-12-02,"['Alessandro Gimona, James Hutton Institute', 'Mike Spencer, James Hutton Institute', 'Jonathan Ball, James Hutton Institute', 'Rebekka Artz, James Hutton Institute', 'Mike Rivington, James Hutton Institute', 'Douglas Wardell-Johnson, James Hutton Institute']",Publication,ClimateXChange,overton
10.5285/70b5cdda-72df-4007-b10e-d75b4046e603,Environmental Information Data Centre (EIDC),Structure and composition of woodlands across Mozambique,2017.0,"['Woollen, E.', 'Ryan, C.M.', 'Nhaduco, O.', 'Daude, I.A.', 'Manguiao, A.A.', 'Da Costa, A.A.', 'Lisboa, S.N.', 'Junior, J.F.', 'Mutemba, L.', 'Pais, A.', 'Zavale, M.', 'Cumbula, S.', 'Xerinda, H.', 'Buque, H.', 'Meneses, D.', 'Rodrigues, C.', 'Mário, A.M.', 'Ribeiro, N.', 'Domingos, L.P.', 'Mbandze, A.', 'Stedham, R.', 'Jennings, P.']",references,https://unfccc.int/documents/632915,"Call for input 2023 - Issues included in the annotated agenda and related annexes of the eighth meeting of the Article 6.4 Supervisory Body-Berkeley Carbon Trading Project, UC",2023-10-30,['United Nations Framework Convention on Climate Change'],Scholarly article,United Nations Framework Convention on Climate Change,overton
10.5285/33604ea0-c238-4488-813d-0ad9ab7c51ca,Environmental Information Data Centre (EIDC),Gridded estimates of daily and monthly areal rainfall for the United Kingdom (1890-2015) [CEH-GEAR],2016.0,"['Tanguy, M.', 'Dixon, H.', 'Prosdocimi, I.', 'Morris, D.G.', 'Keller, V.D.J.']",references,https://www.gov.uk/government/publications/meeting-our-future-water-needs-a-national-framework-for-water-resources,Meeting our future water needs: a national framework for water resources,2020-03-16,['Environment Agency'],Publication,The UK Government,overton
10.5285/ee9ab43d-a4fe-4e73-afd5-cd4fc4c82556,Environmental Information Data Centre (EIDC),Gridded estimates of daily and monthly areal rainfall for the United Kingdom (1890-2017) [CEH-GEAR],2019.0,"['Tanguy, M.', 'Dixon, H.', 'Prosdocimi, I.', 'Morris, D.G.', 'Keller, V.D.J.']",references,https://www.climatexchange.org.uk/projects/economic-potential-of-energy-crops/,Economic potential of energy crops,2025-01-13,"['Fiona Dowson, Ricardo plc', 'Judith Bates, Ricardo plc', 'Jessie Willcocks, Ricardo plc', 'Caroline Wood, Ricardo plc', 'Eleanor Peters, Ricardo plc', 'Laura Harpham, Ricardo plc', 'Amy Leake, Ricardo plc', 'Tayla David, Ricardo plc']",Publication,ClimateXChange,overton
10.5285/ee9ab43d-a4fe-4e73-afd5-cd4fc4c82556,Environmental Information Data Centre (EIDC),Gridded estimates of daily and monthly areal rainfall for the United Kingdom (1890-2017) [CEH-GEAR],2019.0,"['Tanguy, M.', 'Dixon, H.', 'Prosdocimi, I.', 'Morris, D.G.', 'Keller, V.D.J.']",references,https://www.climatexchange.org.uk/projects/the-potential-for-leguminous-crops-in-scotland/,The potential for leguminous crops in Scotland,2021-01-06,"['Jeremy Wiltshire, Ricardo Energy & Environment', 'Dave Freeman, Ricardo Energy & Environment', 'Jessie Willcocks, Ricardo Energy & Environment', 'Caroline Wood']",Publication,ClimateXChange,overton
10.5285/ee9ab43d-a4fe-4e73-afd5-cd4fc4c82556,Environmental Information Data Centre (EIDC),Gridded estimates of daily and monthly areal rainfall for the United Kingdom (1890-2017) [CEH-GEAR],2019.0,"['Tanguy, M.', 'Dixon, H.', 'Prosdocimi, I.', 'Morris, D.G.', 'Keller, V.D.J.']",references,https://www.climatexchange.org.uk/projects/perennial-energy-crops-and-their-potential-in-scotland-evidence-review/,Perennial energy crops and their potential in Scotland: evidence review,2020-12-17,"['Tom Priestley, Ricardo Energy & Environment', 'Judith Bates, Ricardo Energy & Environment', 'Jessie Willcocks, Ricardo Energy & Environment', 'Jeremy Wiltshire, Ricardo Energy & Environment', 'Becky Jenkins, Ricardo Energy & Environment', 'Helen McKay, Forest Research', 'Gareth Martin, Ricardo Energy & Environment', 'Leo Ingvorsen, Ricardo Energy & Environment', 'Steve Croxton, Uniper']",Publication,ClimateXChange,overton
10.5285/fd6ae272-aeb5-4573-8e8a-7ccfae64f506,Environmental Information Data Centre (EIDC),"Vegetation plot data from the UKCEH Countryside Survey, Great Britain, 2019",2020.0,"['Smart, S.M.', 'Andrews, C.', 'Fitos, E.', 'Garbutt, R.A.', 'Gray, A.', 'Henrys, P.A.', 'Koblizek, E.', 'Pallett, D.W.', 'Robinson, D.A.', 'Rose, R.J.', 'Rowe, R.L.', 'Scarlett, P.', 'Towill, J.', 'Wagner, M.', 'Williams, B.', 'Wood, C.M.']",references,https://dx.doi.org/https://doi.org/10.1787/e72d9f28-fr,Lignes directrices pour l’élaboration d’un indicateur de biodiversité des habitats agricoles propre à l’OCDE,2023-09-01,"['Petra Dieker', 'Jussi Lankoski', 'Felix Herzog', 'Kelly Cobourn', 'Ulrike Bayr', 'Wendy J Fjellstad']",Working paper,OECD,overton
10.5285/fd6ae272-aeb5-4573-8e8a-7ccfae64f506,Environmental Information Data Centre (EIDC),"Vegetation plot data from the UKCEH Countryside Survey, Great Britain, 2019",2020.0,"['Smart, S.M.', 'Andrews, C.', 'Fitos, E.', 'Garbutt, R.A.', 'Gray, A.', 'Henrys, P.A.', 'Koblizek, E.', 'Pallett, D.W.', 'Robinson, D.A.', 'Rose, R.J.', 'Rowe, R.L.', 'Scarlett, P.', 'Towill, J.', 'Wagner, M.', 'Williams, B.', 'Wood, C.M.']",references,https://dx.doi.org/https://doi.org/10.1787/09d45d55-en,Guidelines for the development of an OECD farmland habitat biodiversity indicator,2023-07-11,"['Jussi Lankoski', 'Kelly Cobourn']",Working paper,OECD,overton
10.5285/f3310fe1-a6ea-4cdd-b9f6-f7fc66e4652e,Environmental Information Data Centre (EIDC),"Land Cover Map 2021 (25m rasterised land parcels, N. Ireland)",2022.0,"['Marston, C.', 'Rowland, C.S.', ""O'Neil, A.W."", 'Morton, R.D.']",references,https://www.daera-ni.gov.uk/nutrients-action-programme-implementation-report-2020-2023,Nutrients Action Programme Implementation Report for 2020 – 2023,2024-07-01,['Northern Ireland Executive'],Publication,Northern Ireland Executive,overton
10.5285/d4c6029a-464c-49d0-bcc7-75757cab2b3a,Environmental Information Data Centre (EIDC),Growth of five species of trees on experimental plots on sand tailings left after mining for rutile in Sierra Leone,2015.0,"['Dick, J.', 'Garnett, T.', 'Jones, S.', 'Karim, A.B.', 'Sundufu, A.J.', 'Wadsworth, R.A.', 'Okoni-Williams, A.']",references,https://hdl.handle.net/10986/24813,Tree-Based Production Systems for Africa’s Drylands,2016-08-19,"['Garrity, Dennis', 'Place, Frank', 'Mohan, Sid', 'GEN07', 'Agostini, Paola']",Publication,World Bank,overton
10.5285/d4c6029a-464c-49d0-bcc7-75757cab2b3a,Environmental Information Data Centre (EIDC),Growth of five species of trees on experimental plots on sand tailings left after mining for rutile in Sierra Leone,2015.0,"['Dick, J.', 'Garnett, T.', 'Jones, S.', 'Karim, A.B.', 'Sundufu, A.J.', 'Wadsworth, R.A.', 'Okoni-Williams, A.']",references,https://openknowledge.worldbank.org/handle/10986/24813,Tree-Based Production Systems for Africa’s Drylands,2016-08-08,"['Place, Frank', 'Mohan, Sid', 'Garrity, Dennis', 'Agostini, Paola']",Publication,World Bank,overton
10.5285/5dc179dc-f692-49ba-9326-a6893a503f6e,Environmental Information Data Centre (EIDC),Gridded estimates of daily and monthly areal rainfall for the United Kingdom (1890-2012) [CEH-GEAR],2014.0,"['Tanguy, M.', 'Dixon, H.', 'Prosdocimi, I.', 'Morris, D.G.', 'Keller, V.D.J.']",references,https://www.theccc.org.uk/publication/met-office-for-the-asc-developing-h-climate-change-scenarios/,Developing H++ climate change scenarios (Met Office),2015-10-27,['Committee on Climate Change'],Publication,Committee on Climate Change,overton
10.5285/57748e4f-d0a4-4648-8a61-bd1c2066db1e,Environmental Information Data Centre (EIDC),"Water chemistry measured from peatland sub-catchments in the Flow Country, Scotland following a wildfire 2019-2020",2022.0,"['Fernandez-Garcia, P.', 'Anderson, R.', 'Felgate, S.', 'Gaffney, P.', 'Gilbert, P.', 'Grant, A.', 'Mayor, D.', 'Pickard, A.E.']",references,https://www.gov.uk/government/publications/review-of-the-research-and-scientific-understanding-of-drought,Review of the research and scientific understanding of drought,2023-11-28,['Environment Agency'],Publication,The UK Government,overton
10.5285/a3ff9411-3a7a-47e1-9b3e-79f21648237d,Environmental Information Data Centre (EIDC),"Land Cover Map 2021 (1km summary rasters, GB and N. Ireland)",2022.0,"['Marston, C.', 'Rowland, C.S.', ""O'Neil, A.W."", 'Morton, R.D.']",references,https://www.theccc.org.uk/publication/uk-rural-land-use-archetypes-part-2/,"UK rural land use archetypes - part two (UKCEH, Eunomia, and University of East Anglia) - Climate Change Committee",2025-05-21,['Committee on Climate Change'],Publication,Committee on Climate Change,overton
10.5285/a3ff9411-3a7a-47e1-9b3e-79f21648237d,Environmental Information Data Centre (EIDC),"Land Cover Map 2021 (1km summary rasters, GB and N. Ireland)",2022.0,"['Marston, C.', 'Rowland, C.S.', ""O'Neil, A.W."", 'Morton, R.D.']",references,https://www.theccc.org.uk/publication/archetypes-representative-of-current-uk-rural-land-use-and-land-management-ukceh/,Archetypes representative of current UK rural land-use and land-management (UKCEH) - Climate Change Committee,2023-08-01,['Committee on Climate Change'],Publication,Committee on Climate Change,overton
10.5285/60764028-adeb-4316-987a-14b3b21a8f9a,Environmental Information Data Centre (EIDC),"Land Cover Map 2015 (vector, N. Ireland)",2017.0,"['Rowland, C.S.', 'Morton, R.D.', 'Carrasco, L.', 'McShane, G.', ""O'Neil, A.W."", 'Wood, C.M.']",references,https://www.daera-ni.gov.uk/publications/quantifying-hydrological-effect-woodland-creation-camowen-and-drumragh-catchments-omagh-northern,"Quantifying the hydrological effect of woodland creation in the Camowen and Drumragh catchments, Omagh, Northern Ireland",2018-03-14,['Northern Ireland Executive'],Publication,Northern Ireland Executive,overton
10.5285/e44ae9bd-fa32-4aab-9524-fbb11d34a20a,Environmental Information Data Centre (EIDC),"Land Cover Map 2021 (10m classified pixels, N. Ireland)",2022.0,"['Marston, C.', 'Rowland, C.S.', ""O'Neil, A.W."", 'Morton, R.D.']",references,https://committees.parliament.uk/publications/33168/documents/179645/default/,Report - Making the most out of England’s land,2022-12-13,['Land Use in England Committee'],Publication,UK Parliament Select Committee Publications,overton
10.5285/0e99d57e-1757-451f-ac9d-92fd1256f02a,Environmental Information Data Centre (EIDC),"Land Cover Map 2020 (land parcels, GB)",2021.0,"['Morton, R.D.', 'Marston, C.G.', ""O'Neil, A.W."", 'Rowland, C.S.']",references,https://www.gov.uk/guidance/a-guide-to-forestry-commissions-sensitivity-maps-for-woodland-creation,A guide to Forestry Commission’s sensitivity maps for woodland creation,2023-08-16,['Forestry Commission'],Publication,The UK Government,overton
10.5285/9e4451f8-23d3-40dc-9302-73e30ad3dd76,Environmental Information Data Centre (EIDC),Model estimates of topsoil carbon [Countryside Survey],2012.0,"['Henrys, P.A.', 'Keith, A.M.', 'Robinson, D.A.', 'Emmett, B.A.']",references,https://www.theccc.org.uk/publication/uk-rural-land-use-archetypes-part-2/,"UK rural land use archetypes - part two (UKCEH, Eunomia, and University of East Anglia) - Climate Change Committee",2025-05-21,['Committee on Climate Change'],Publication,Committee on Climate Change,overton
10.5285/9e4451f8-23d3-40dc-9302-73e30ad3dd76,Environmental Information Data Centre (EIDC),Model estimates of topsoil carbon [Countryside Survey],2012.0,"['Henrys, P.A.', 'Keith, A.M.', 'Robinson, D.A.', 'Emmett, B.A.']",references,https://www.gov.scot/publications/scoping-study-identify-current-soil-organic-carbon-sequestration-scottish-soils/,Soil organic carbon sequestration: scoping study,2021-12-20,['The Scottish Government'],Publication,The Scottish Government,overton
10.5285/d347ed22-2b57-4dce-88e3-31a4d00d4358,Environmental Information Data Centre (EIDC),Yield Constraint Score (YCS) for the effect of five crop stresses on global production of four staple food crops,2020.0,"['Sharps, K. ', 'Mills, G. ', 'Simpson, D. ', 'Pleijel, H. ', 'Frei, M. ', 'Burkey, K. ', 'Emberson, L. ', 'Uddling, J. ', 'Broberg, M. ', 'Feng, Z.', 'Kobayashi, K.', 'Agrawal, M.']",references,https://library.wmo.int/records/item/68654-the-impacts-of-tropospheric-ozone-pollution-on-crop-yield-mechanisms-quantification-and-options-for-mitigation,The Impacts of Tropospheric Ozone Pollution on Crop Yield: Mechanisms,2023-12-06,['World Meteorological Organization'],Publication,World Meteorological Organization,overton
10.5285/d347ed22-2b57-4dce-88e3-31a4d00d4358,Environmental Information Data Centre (EIDC),Yield Constraint Score (YCS) for the effect of five crop stresses on global production of four staple food crops,2020.0,"['Sharps, K. ', 'Mills, G. ', 'Simpson, D. ', 'Pleijel, H. ', 'Frei, M. ', 'Burkey, K. ', 'Emberson, L. ', 'Uddling, J. ', 'Broberg, M. ', 'Feng, Z.', 'Kobayashi, K.', 'Agrawal, M.']",references,https://www.ipcc.ch/report/sixth-assessment-report-working-group-ii/,"AR6 Climate Change 2022: Impacts, Adaptation and Vulnerability",2022-02-01,['IPCC'],Publication,IPCC,overton
10.5285/b6b92ce3-dcd7-4f0b-8e43-e937ddf1d4eb,Environmental Information Data Centre (EIDC),Spatial inventory of UK waterbodies,2021.0,"['Taylor, P.J.']",references,https://www.gov.uk/government/publications/exploring-recreational-water-use-in-england,Exploring recreational water use in England,2025-08-11,['Environment Agency'],Publication,The UK Government,overton
10.5285/a29c5465-b138-234d-e053-6c86abc040b9,British Oceanographic Data Centre (BODC),The GEBCO_2020 Grid - a continuous terrain model of the global oceans and land.,2020.0,['GEBCO Bathymetric Compilation Group 2020'],references,https://blueconomy.govmu.org/Documents/Publications/WIOJMS%20Special%20Issue.pdf,Marine Science,2022-07-19,"['Ministry of Blue Economy, Marine Resources, Fisheries and Shipping']",Publication,Government of Mauritius,overton
10.5285/a29c5465-b138-234d-e053-6c86abc040b9,British Oceanographic Data Centre (BODC),The GEBCO_2020 Grid - a continuous terrain model of the global oceans and land.,2020.0,['GEBCO Bathymetric Compilation Group 2020'],references,https://digitallibrary.un.org/record/3978757?ln=en,The second world ocean assessment.,2021-01-01,['United Nations'],Publication,United Nations,overton
10.5285/e0f0bb80-ab44-2739-e053-6c86abc0289c,British Oceanographic Data Centre (BODC),The GEBCO_2022 Grid - a continuous terrain model of the global oceans and land.,2022.0,['GEBCO Bathymetric Compilation Group 2022'],references,https://www.epa.wa.gov.au/sites/default/files/PER_documentation2/Appendix%20C%20-%20Alkimos%20Seawater%20Desalination%20Plant%20Marine%20Noise%20Study.pdf,Alkimos Seawater Desalination Plant,2022-08-31,['Environmental Protection Authority'],Publication,State of Western Australia,overton
10.5285/e0f0bb80-ab44-2739-e053-6c86abc0289c,British Oceanographic Data Centre (BODC),The GEBCO_2022 Grid - a continuous terrain model of the global oceans and land.,2022.0,['GEBCO Bathymetric Compilation Group 2022'],references,https://openknowledge.fao.org/handle/20.500.14283/CC1346EN,Nansen scientific expedition off Mauritania and Senegal 2021,2022-01-01,['FAO'],Publication,Food and Agriculture Organization of the United Nations,overton
10.5285/e0f0bb80-ab44-2739-e053-6c86abc0289c,British Oceanographic Data Centre (BODC),The GEBCO_2022 Grid - a continuous terrain model of the global oceans and land.,2022.0,['GEBCO Bathymetric Compilation Group 2022'],references,https://openknowledge.fao.org/handle/20.500.14283/CC1346FR,Campagne scientifique du navire de recherche Dr. Fridtjof Nansen au large de la Mauritanie et du Sénégal en 2021,2022-01-01,['FAO'],Publication,Food and Agriculture Organization of the United Nations,overton
10.5285/10d3e3640f004c578403419aac167d82,Centre for Environmental Data Analysis (CEDA),CRU TS4.03: Climatic Research Unit (CRU) Time-Series (TS) version 4.03 of high-resolution gridded data of month-by-month variation in climate (Jan. 1901- Dec. 2018),2019.0,"['University Of East Anglia Climatic Research Unit (CRU)', 'Harris, Ian C', 'Jones, Philip D.']",references,https://www.unescwa.org/publications/riccar-future-climate-mashreq,Future climate projections for the Mashreq region: summary outcomes,2022-09-19,['United Nations ESCWA'],Publication,United Nations ESCWA,overton
10.5285/10d3e3640f004c578403419aac167d82,Centre for Environmental Data Analysis (CEDA),CRU TS4.03: Climatic Research Unit (CRU) Time-Series (TS) version 4.03 of high-resolution gridded data of month-by-month variation in climate (Jan. 1901- Dec. 2018),2019.0,"['University Of East Anglia Climatic Research Unit (CRU)', 'Harris, Ian C', 'Jones, Philip D.']",references,https://www.unescwa.org/publications/future-climate-projections-mashreq-region-methodology,Future climate projections for the Mashreq region: methodology,2022-07-19,['United Nations ESCWA'],Publication,United Nations ESCWA,overton
10.5285/10d3e3640f004c578403419aac167d82,Centre for Environmental Data Analysis (CEDA),CRU TS4.03: Climatic Research Unit (CRU) Time-Series (TS) version 4.03 of high-resolution gridded data of month-by-month variation in climate (Jan. 1901- Dec. 2018),2019.0,"['University Of East Anglia Climatic Research Unit (CRU)', 'Harris, Ian C', 'Jones, Philip D.']",references,https://digitallibrary.un.org/record/4000568?ln=en,Future Climate Projections for the Mashreq Region: Summary Outcomes Regional Initiative for the Assessment of Climate Change Impacts on Water Resources and Socio-Economic Vulnerability in the Arab Region (Riccar) : Technical Report,2021-07-14,['United Nations'],Publication,United Nations,overton
10.5285/10d3e3640f004c578403419aac167d82,Centre for Environmental Data Analysis (CEDA),CRU TS4.03: Climatic Research Unit (CRU) Time-Series (TS) version 4.03 of high-resolution gridded data of month-by-month variation in climate (Jan. 1901- Dec. 2018),2019.0,"['University Of East Anglia Climatic Research Unit (CRU)', 'Harris, Ian C', 'Jones, Philip D.']",references,https://digitallibrary.un.org/record/4000566?ln=en,Future Climate Projections for the Mashreq Region: Methodology : Regional Initiative for the Assessment of Climate Change Impacts on Water Resources and Socio-Economic Vulnerability in the Arab Region (Riccar),2021-07-06,['United Nations'],Publication,United Nations,overton
10.5285/10d3e3640f004c578403419aac167d82,Centre for Environmental Data Analysis (CEDA),CRU TS4.03: Climatic Research Unit (CRU) Time-Series (TS) version 4.03 of high-resolution gridded data of month-by-month variation in climate (Jan. 1901- Dec. 2018),2019.0,"['University Of East Anglia Climatic Research Unit (CRU)', 'Harris, Ian C', 'Jones, Philip D.']",references,https://unfccc.int/documents/254196,Zambia. National communication (NC). NC 3.,2020-09-24,['United Nations Framework Convention on Climate Change'],Publication,United Nations Framework Convention on Climate Change,overton
10.5285/10d3e3640f004c578403419aac167d82,Centre for Environmental Data Analysis (CEDA),CRU TS4.03: Climatic Research Unit (CRU) Time-Series (TS) version 4.03 of high-resolution gridded data of month-by-month variation in climate (Jan. 1901- Dec. 2018),2019.0,"['University Of East Anglia Climatic Research Unit (CRU)', 'Harris, Ian C', 'Jones, Philip D.']",references,https://www.prio.org/Publications/Publication/?x=12564,"Rainfall Variability and Violent, State-Based Conflict: A Machine Learning Approach to Estimate Context Specificity",2020-01-01,"['Mathilde Bålsrud Mjelva', 'Jonas Vestby']",Publication,Peace Research Insitute Oslo,overton
10.5285/d0e1585d-3417-485f-87ae-4fcecf10a992,Centre for Environmental Data Analysis (CEDA),CRU TS3.21: Climatic Research Unit (CRU) Time-Series (TS) Version 3.21 of High Resolution Gridded Data of Month-by-month Variation in Climate (Jan. 1901 - Dec. 2012),2013.0,"['Harris, Ian']",references,https://hdl.handle.net/10568/148563,"Understanding the adoption of high-iron varieties in Maharashtra, India: What explains popularity?",2024-06-21,"['Smale, Melinda', 'Diressie, Michael Tedla', 'Birol, Ekin']",Publication,CGIAR,overton
10.5285/d0e1585d-3417-485f-87ae-4fcecf10a992,Centre for Environmental Data Analysis (CEDA),CRU TS3.21: Climatic Research Unit (CRU) Time-Series (TS) Version 3.21 of High Resolution Gridded Data of Month-by-month Variation in Climate (Jan. 1901 - Dec. 2012),2013.0,"['Harris, Ian']",references,https://openknowledge.fao.org/handle/20.500.14283/i8499zh,动态发展、人口变化与膳食转变,2023-01-01,"['Dawe, D.; Ahuja, V.; Bloem S.; Damen, B.; Martyn, T.; Whiting, L.']",Publication,Food and Agriculture Organization of the United Nations,overton
10.5285/d0e1585d-3417-485f-87ae-4fcecf10a992,Centre for Environmental Data Analysis (CEDA),CRU TS3.21: Climatic Research Unit (CRU) Time-Series (TS) Version 3.21 of High Resolution Gridded Data of Month-by-month Variation in Climate (Jan. 1901 - Dec. 2012),2013.0,"['Harris, Ian']",references,https://pure.iiasa.ac.at/id/eprint/17780/?template=default_internal,"Mining, land-use and regional income in Brazil: Economic and environmental perspectives on resource-dependent development",2021-10-01,"['Luckeneder, S.']",Publication,IIASA,overton
10.5285/d0e1585d-3417-485f-87ae-4fcecf10a992,Centre for Environmental Data Analysis (CEDA),CRU TS3.21: Climatic Research Unit (CRU) Time-Series (TS) Version 3.21 of High Resolution Gridded Data of Month-by-month Variation in Climate (Jan. 1901 - Dec. 2012),2013.0,"['Harris, Ian']",references,https://unfccc.int/documents/254196,Zambia. National communication (NC). NC 3.,2020-09-24,['United Nations Framework Convention on Climate Change'],Publication,United Nations Framework Convention on Climate Change,overton
10.5285/d0e1585d-3417-485f-87ae-4fcecf10a992,Centre for Environmental Data Analysis (CEDA),CRU TS3.21: Climatic Research Unit (CRU) Time-Series (TS) Version 3.21 of High Resolution Gridded Data of Month-by-month Variation in Climate (Jan. 1901 - Dec. 2012),2013.0,"['Harris, Ian']",references,https://openknowledge.fao.org/handle/20.500.14283/I8499EN,"Dynamic development, shifting demographics and changing diets",2018-01-01,"['Dawe, D.; Ahuja, V.; Bloem S.; Damen, B.; Martyn, T.; Whiting, L.']",Publication,Food and Agriculture Organization of the United Nations,overton
10.5285/d0e1585d-3417-485f-87ae-4fcecf10a992,Centre for Environmental Data Analysis (CEDA),CRU TS3.21: Climatic Research Unit (CRU) Time-Series (TS) Version 3.21 of High Resolution Gridded Data of Month-by-month Variation in Climate (Jan. 1901 - Dec. 2012),2013.0,"['Harris, Ian']",references,http://www.ifpri.org/publication/understanding-adoption-high-iron-varieties-maharashtra-india-what-explains-popularity,"Understanding the adoption of high-iron varieties in Maharashtra,",2016-05-31,"['Melinda Smale', 'Michael Tedla Diressie']",Publication,IFPRI,overton
10.5285/d0e1585d-3417-485f-87ae-4fcecf10a992,Centre for Environmental Data Analysis (CEDA),CRU TS3.21: Climatic Research Unit (CRU) Time-Series (TS) Version 3.21 of High Resolution Gridded Data of Month-by-month Variation in Climate (Jan. 1901 - Dec. 2012),2013.0,"['Harris, Ian']",references,http://ebrary.ifpri.org/digital/collection/p15738coll2/id/130725,"Understanding the adoption of high-iron varieties in Maharashtra, India: What explains popularity?",2016-05-31,['IFPRI'],Working paper,IFPRI,overton
10.5285/d0e1585d-3417-485f-87ae-4fcecf10a992,Centre for Environmental Data Analysis (CEDA),CRU TS3.21: Climatic Research Unit (CRU) Time-Series (TS) Version 3.21 of High Resolution Gridded Data of Month-by-month Variation in Climate (Jan. 1901 - Dec. 2012),2013.0,"['Harris, Ian']",references,https://www.cccep.ac.uk/publication/flooded-cities/,Flooded cities – Centre for Climate Change Economics and Policy,2015-12-15,['Adriana Kocornik-Mina'],Working paper,ESRC Centre for Climate Change Economics and Policy,overton
10.5285/bbdfd09a04304158b366777eba0d2aeb,Centre for Environmental Data Analysis (CEDA),High resolution Standardized Precipitation Evapotranspiration Index (SPEI) dataset for Africa,2019.0,"['Peng, Jian', 'Dadson, Simon', 'Hirpa, Feyera', 'Dyer, Ellen', 'Lees, Thomas', 'Miralles, Diego G', 'Vicente-Serrano, Sergio M. Vicente-Serrano', 'Funk, Chris']",references,https://www.wider.unu.edu/publication/estimating-effects-and-seasonal-dynamics-malawis-201516-drought-and-humanitarian,Estimating the effects and seasonal dynamics of Malawi’s 2015/16 drought and humanitarian transfers on household food insecurity and child malnutrition,2025-05-21,"['Edwin Kenamu', 'Liesbeth Colen']",Working paper,United Nations University World Institute for Development Economics Research,overton
10.5285/fa20aaa2060e40cabf5fedce7a9716d0,Centre for Environmental Data Analysis (CEDA),"ESA Snow Climate Change Initiative (Snow_cci): Snow Water Equivalent (SWE) level 3C daily global climate research data package (CRDP) (1979 – 2018), version 1.0",2020.0,"['Luojus, Kari', 'Moisander, Mikko', 'Pulliainen, Jouni', 'Takala, Matias', 'Lemmetyinen, Juha', 'Derksen, Chris', 'Mortimer, Colleen', 'Schwaizer, Gabriele', 'Nagler, Thomas']",references,https://climatelibrary.ecc.gov.nt.ca/dataset/cae0ea22-e4e9-498b-8448-047d106e8bdd/resource/9860e682-bc70-45be-9655-a82524da6584/download/eccc_inventory_climate_data_and_climate_projections.pdf,An inventory of historical climate data and climate projections,2023-02-23,['Government of Northwest Territories'],Publication,Government of Northwest Territories,overton
10.5285/bedc59f37c9545c981a839eb552e4084,Centre for Environmental Data Analysis (CEDA),"ESA Biomass Climate Change Initiative (Biomass_cci): Global datasets of forest above-ground biomass for the year 2017, v1",2019.0,"['Santoro, Maurizio', 'Cartus, Oliver']",references,https://openknowledge.fao.org/handle/20.500.14283/cd2650en,Cosmic ray neutron sensing,2025-01-01,"['Said, H.; Franz, T.; Baroni, G.; Rosolem, R.; Mbaye, M.; Fulajtár, E.; Dercon, G.; Heng, L.;']",Publication,Food and Agriculture Organization of the United Nations,overton
10.5285/58f00d8814064b79a0c49662ad3af537,Centre for Environmental Data Analysis (CEDA),"ESA Fire Climate Change Initiative (Fire_cci): MODIS Fire_cci Burned Area Pixel product, version 5.1",2018.0,"['Chuvieco, Emilio', 'Pettinari, M. Lucrecia', 'Lizundia-Loiola, Joshua', 'Storm, Thomas', 'Padilla Parellada, Marc']",references,https://institute.smartprosperity.ca/publications/avoiding-leakage-by-design,Avoiding Leakage from Nature-Based Offsets by Design,2023-01-13,['Smart Prosperity Institute'],Publication,Smart Prosperity Institute,overton
10.5285/58f00d8814064b79a0c49662ad3af537,Centre for Environmental Data Analysis (CEDA),"ESA Fire Climate Change Initiative (Fire_cci): MODIS Fire_cci Burned Area Pixel product, version 5.1",2018.0,"['Chuvieco, Emilio', 'Pettinari, M. Lucrecia', 'Lizundia-Loiola, Joshua', 'Storm, Thomas', 'Padilla Parellada, Marc']",references,https://www.lse.ac.uk/granthaminstitute/publication/avoiding-leakage-from-nature-based-offsets-by-design/,Avoiding leakage from nature-based offsets by design - Grantham Research Institute on climate change and the environment,2023-01-12,['Grantham Institute'],Working paper,Grantham Institute,overton
10.5285/58f00d8814064b79a0c49662ad3af537,Centre for Environmental Data Analysis (CEDA),"ESA Fire Climate Change Initiative (Fire_cci): MODIS Fire_cci Burned Area Pixel product, version 5.1",2018.0,"['Chuvieco, Emilio', 'Pettinari, M. Lucrecia', 'Lizundia-Loiola, Joshua', 'Storm, Thomas', 'Padilla Parellada, Marc']",references,https://wedocs.unep.org/20.500.11822/38017,Climate Change Mitigation in the ELP: Guidance and Tool Protocols - Measuring the Climate Change Mitigation Potential of the Endangered Landscape Programme,2022-02-02,['United Nations Environment Programme'],Publication,United Nations Environment Programme,overton
10.5285/58f00d8814064b79a0c49662ad3af537,Centre for Environmental Data Analysis (CEDA),"ESA Fire Climate Change Initiative (Fire_cci): MODIS Fire_cci Burned Area Pixel product, version 5.1",2018.0,"['Chuvieco, Emilio', 'Pettinari, M. Lucrecia', 'Lizundia-Loiola, Joshua', 'Storm, Thomas', 'Padilla Parellada, Marc']",references,https://wedocs.unep.org/20.500.11822/38016,Natural Climate Solutions Enabling Project: Report - Measuring the climate change mitigation potential of the Endangered Landscape Programme,2022-02-02,['United Nations Environment Programme'],Publication,United Nations Environment Programme,overton
10.5285/5f331c418e9f4935b8eb1b836f8a91b8,Centre for Environmental Data Analysis (CEDA),"ESA Biomass Climate Change Initiative (Biomass_cci): Global datasets of forest above-ground biomass for the years 2010, 2017 and 2018, v3",2021.0,"['Santoro, Maurizio', 'Cartus, Oliver']",references,http://publications.gc.ca/site/eng/9.924953/publication.html,Ecosystem accounting in Canadian agroecosystems / by Julie Botzas-Coluni and Jessica Andrews.: CS16-001/2023-1E-PDF Publications - Canada.ca,2023-09-13,"['Statistics Canada, issuing body.']",Publication,Government of Canada,overton
10.5285/af60720c1e404a9e9d2c145d2b2ead4e,Centre for Environmental Data Analysis (CEDA),"ESA Biomass Climate Change Initiative (Biomass_cci): Global datasets of forest above-ground biomass for the years 2010, 2017, 2018, 2019 and 2020, v4",2023.0,"['Santoro, Maurizio', 'Cartus, Oliver']",references,https://hdl.handle.net/10568/135865,Deforestación en la Amazonia Peruana: Modelamiento de Promotores,2023-12-22,"['Castro, A.', 'Juarez, H.', 'Gutiérrez, D.', 'Sylvester, J.', 'Navarrete, C.', 'Hualla, V.', 'Pradel, W.', 'Vanegas, M.']",Publication,CGIAR,overton
10.5285/af60720c1e404a9e9d2c145d2b2ead4e,Centre for Environmental Data Analysis (CEDA),"ESA Biomass Climate Change Initiative (Biomass_cci): Global datasets of forest above-ground biomass for the years 2010, 2017, 2018, 2019 and 2020, v4",2023.0,"['Santoro, Maurizio', 'Cartus, Oliver']",references,https://hdl.handle.net/10568/135861,Análisis de los factores impulsores de la migración en el Perú: Un Estudio de los Flujos Migratorios desde Áreas Rurales hacia la Selva y Lima,2023-12-22,"['Juarez, H.', 'Hualla, V.', 'Hernandez, Manuel A.', 'Berrospi, Maria Lucia', 'Navarrete, C.', 'Pradel, W.']",Publication,CGIAR,overton
10.5285/84403d09cef3485883158f4df2989b0c,Centre for Environmental Data Analysis (CEDA),"ESA Biomass Climate Change Initiative (Biomass_cci): Global datasets of forest above-ground biomass for the years 2010, 2017 and 2018, v2",2021.0,"['Santoro, Maurizio', 'Cartus, Oliver']",references,https://mluk.brandenburg.de/sixcms/media.php/9/Zwischenbericht-Gutachten-Klimaplan-BB.pdf,Zwischenbericht zum Gutachten für den Klimaplan Brandenburg,2022-02-18,"['Ministry of Agriculture, Environment and Climate Protection']",Publication,State of Bradenburg,overton
10.5285/98af2184e13e4b91893ab72f301790db,Centre for Environmental Data Analysis (CEDA),Summary for Policymakers of the Working Group I Contribution to the IPCC Sixth Assessment Report - data for Figure SPM.8 (v20210809),2021.0,"['Fyfe, John', 'Fox-Kemper, Baylor', 'Kopp, Robert', 'Garner, Gregory']",references,https://aspe.hhs.gov/reports/climate-change-drug-demand,Impact of Climate Change on Health and Drug Demand,2024-09-23,['ASPE'],Publication,ASPE,overton
10.5285/98af2184e13e4b91893ab72f301790db,Centre for Environmental Data Analysis (CEDA),Summary for Policymakers of the Working Group I Contribution to the IPCC Sixth Assessment Report - data for Figure SPM.8 (v20210809),2021.0,"['Fyfe, John', 'Fox-Kemper, Baylor', 'Kopp, Robert', 'Garner, Gregory']",references,https://royalsociety.org/news-resources/publications/2022/ipcc-ar6-summary/,Climate change in the critical decade,2022-11-03,['Royal Society'],Publication,Royal Society,overton
10.5285/4647cc9ad3c044439d6c643208d3c494,Centre for Environmental Data Analysis (CEDA),"ESA Snow Climate Change Initiative (Snow_cci): Snow Water Equivalent (SWE) level 3C daily global climate research data package (CRDP) (1979 – 2020), version 2.0",2022.0,"['Luojus, Kari', 'Moisander, Mikko', 'Pulliainen, Jouni', 'Takala, Matias', 'Lemmetyinen, Juha', 'Derksen, Chris', 'Mortimer, Colleen', 'Schwaizer, Gabriele', 'Nagler, Thomas', 'Venäläinen, Pinja']",references,https://library.wmo.int/records/item/69033-state-of-global-water-resources-report-2023,State of Global Water Resources report 2023,2024-10-07,['World Meteorological Organization'],Publication,World Meteorological Organization,overton
10.5285/4647cc9ad3c044439d6c643208d3c494,Centre for Environmental Data Analysis (CEDA),"ESA Snow Climate Change Initiative (Snow_cci): Snow Water Equivalent (SWE) level 3C daily global climate research data package (CRDP) (1979 – 2020), version 2.0",2022.0,"['Luojus, Kari', 'Moisander, Mikko', 'Pulliainen, Jouni', 'Takala, Matias', 'Lemmetyinen, Juha', 'Derksen, Chris', 'Mortimer, Colleen', 'Schwaizer, Gabriele', 'Nagler, Thomas', 'Venäläinen, Pinja']",references,https://www.miteco.gob.es/content/dam/miteco/es/ceneam/recursos/mini-portales-tematicos/Cclimatico/State%20of%20Global%20Water%20Resources%202023.pdf,Report,2024-10-07,['Department of Ecological Transition and Demographic Challenge'],Publication,Government of Spain,overton
10.5285/4647cc9ad3c044439d6c643208d3c494,Centre for Environmental Data Analysis (CEDA),"ESA Snow Climate Change Initiative (Snow_cci): Snow Water Equivalent (SWE) level 3C daily global climate research data package (CRDP) (1979 – 2020), version 2.0",2022.0,"['Luojus, Kari', 'Moisander, Mikko', 'Pulliainen, Jouni', 'Takala, Matias', 'Lemmetyinen, Juha', 'Derksen, Chris', 'Mortimer, Colleen', 'Schwaizer, Gabriele', 'Nagler, Thomas', 'Venäläinen, Pinja']",references,https://digitallibrary.un.org/record/4063063?ln=en,State of global water resources 2023,2024-01-01,['United Nations'],Publication,United Nations,overton
10.5285/4647cc9ad3c044439d6c643208d3c494,Centre for Environmental Data Analysis (CEDA),"ESA Snow Climate Change Initiative (Snow_cci): Snow Water Equivalent (SWE) level 3C daily global climate research data package (CRDP) (1979 – 2020), version 2.0",2022.0,"['Luojus, Kari', 'Moisander, Mikko', 'Pulliainen, Jouni', 'Takala, Matias', 'Lemmetyinen, Juha', 'Derksen, Chris', 'Mortimer, Colleen', 'Schwaizer, Gabriele', 'Nagler, Thomas', 'Venäläinen, Pinja']",references,https://climatelibrary.ecc.gov.nt.ca/dataset/cae0ea22-e4e9-498b-8448-047d106e8bdd/resource/9860e682-bc70-45be-9655-a82524da6584/download/eccc_inventory_climate_data_and_climate_projections.pdf,An inventory of historical climate data and climate projections,2023-02-23,['Government of Northwest Territories'],Publication,Government of Northwest Territories,overton
10.5285/3c324bb4ee394d0d876fe2e1db217378,Centre for Environmental Data Analysis (CEDA),"ESA Lakes Climate Change Initiative (Lakes_cci): Lake products, Version 1.0",2020.0,"['Crétaux, Jean-François', 'Merchant, Christopher J.', 'Duguay, Claude', 'Simis, Stefan', 'Calmettes, Beatriz', 'Bergé-Nguyen, Muriel', 'Wu, Yuhao', 'Zhang, Daoyuan', 'Carrea, Laura', 'Liu, Xiaohan', 'Selmes, Nick', 'Warren, Mark']",references,https://www.umweltbundesamt.de/publikationen/operationalisierung-von-das-indikatoren,Operationalisierung von DAS-Indikatoren mit Fernerkundungsdaten (DASIF),2024-11-11,['Umwelt Bundesamt'],Publication,Umwelt Bundesamt,overton
10.5285/edf8febfdaad48abb2cbaf7d7e846a86,Centre for Environmental Data Analysis (CEDA),CRU TS4.00: Climatic Research Unit (CRU) Time-Series (TS) version 4.00 of high resolution gridded data of month-by-month variation in climate (Jan. 1901- Dec. 2015),2017.0,"['University Of East Anglia Climatic Research Unit (CRU)', 'Harris, Ian C', 'Jones, Philip D.']",references,https://openknowledge.fao.org/handle/20.500.14283/CA4895EN,WaPOR quality assessment,2019-01-01,['FAO and IHE Delft'],Publication,Food and Agriculture Organization of the United Nations,overton
10.5285/8194b416cbee482b89e0dfbe17c5786c,Centre for Environmental Data Analysis (CEDA),CHESS-SCAPE: Future projections of meteorological variables at 1 km resolution for the United Kingdom 1980-2080 derived from UK Climate Projections 2018,2022.0,"['Robinson, Emma L.', 'Huntingford, Chris', 'Semeena, V. S.', 'Bullock, James M.']",references,https://www.crew.ac.uk/publication/mitigating-climate-change-phase-2,Mitigating climate change impacts on the water quality of Scottish standing waters | CREW | Scotland's Centre of Expertise for Waters,2024-03-20,['Center of Expertise for Waters'],Publication,Center of Expertise for Waters,overton
10.5285/8194b416cbee482b89e0dfbe17c5786c,Centre for Environmental Data Analysis (CEDA),CHESS-SCAPE: Future projections of meteorological variables at 1 km resolution for the United Kingdom 1980-2080 derived from UK Climate Projections 2018,2022.0,"['Robinson, Emma L.', 'Huntingford, Chris', 'Semeena, V. S.', 'Bullock, James M.']",references,https://www.crew.ac.uk/publication/assessing-climate-change-impacts-water-quality-scottish-standing-waters,Assessing climate change impacts on the water quality of Scottish standing waters | CREW | Scotland's Centre of Expertise for Waters,2022-04-25,['Center of Expertise for Waters'],Publication,Center of Expertise for Waters,overton
10.5285/f99a6179-0040-443c-aa3b-2f489814a368,National Geoscience Data Centre (NGDC),"Deep geothermal potential areas in the UK, version 2",2024.0,['British Geological Survey'],references,https://www.gov.uk/government/publications/uk-geothermal-platform,UK Geothermal Platform ,2025-08-11,['Department for Energy Security and Net Zero'],Publication,The UK Government,overton
10.5285/5ba67d62cdc249a3bc5b1c38b339beb3,Centre for Environmental Data Analysis (CEDA),"HadUK-Grid Gridded Climate Observations on a 5km grid over the UK, v1.3.0.ceda (1836-2023)",2024.0,"['Met Office', 'Hollis, Dan', 'Carlisle, Emily', 'Kendon, Michael', 'Packman, Stephen', 'Doherty, Amy']",references,https://environmentalstandards.scot/our-work/our-corporate-and-governance-reports/letter-from-mark-roberts-to-edward-mountain-msp-sewage-analytical-report/,Letter from Mark Roberts to Edward Mountain MSP,2024-09-24,['Environmental Standards Scotland'],Publication,Environmental Standards Scotland,overton
10.5285/9a8a0770-d7fc-4fc4-b83f-227e1170f2eb,Centre for Environmental Data Analysis (CEDA),CRU CY3.22: Climatic Research Unit (CRU) Year-by-Year Variation of Selected Climate Variables by CountrY (CY) version 3.22 (Jan. 1901 - Dec. 2013),2014.0,"['Harris, Ian']",references,https://hdl.handle.net/10568/151106,Beyond a middle income Africa: Transforming African economies for sustained growth with rising employment and incomes,2024-08-01,"['Badiane, Ousmane', 'Makombe, Tsitsi']",Publication,CGIAR,overton
10.5285/9a8a0770-d7fc-4fc4-b83f-227e1170f2eb,Centre for Environmental Data Analysis (CEDA),CRU CY3.22: Climatic Research Unit (CRU) Year-by-Year Variation of Selected Climate Variables by CountrY (CY) version 3.22 (Jan. 1901 - Dec. 2013),2014.0,"['Harris, Ian']",references,http://www.ifpri.org/publication/beyond-middle-income-africa-transforming-african-economies-sustained-growth-rising-0,Beyond a middle income Africa: Transforming African economies for,2016-01-28,"['Ousmane Badiane', 'Tsitsi Makombe']",Publication,IFPRI,overton
10.5285/7edd216fcf794b1f9a5889d496d50e54,Centre for Environmental Data Analysis (CEDA),"HadUK-Grid Climate Observations by Administrative Regions over the UK, v1.1.0.0 (1836-2021)",2022.0,"['Met Office', 'Hollis, Dan', 'McCarthy, Mark', 'Kendon, Michael', 'Legg, Tim']",references,https://ifs.org.uk/publications/how-much-public-spending-does-each-area-receive-local-authority-level-estimates-health,"How much public spending does each area receive? Local authority level estimates of health, police, school and local government spending",2023-08-15,"['Kate Ogden', 'Max Warner', 'David Phillips']",Publication,Institute for Fiscal Studies,overton
10.5285/709cbc2f-af5c-4d09-a4ea-6deb5aa8c5d8,National Geoscience Data Centre (NGDC),"Local and moment magnitudes of Preston New Road seismicity, 2018-2019",2022.0,"['Kettlety, Tom', 'Butcher, Antony']",references,https://www.gov.uk/government/publications/review-of-the-geological-science-of-shale-gas-fracturing,Review of the geological science of shale gas fracturing,2022-09-22,"['Department for Business, Energy & Industrial Strategy']",Publication,The UK Government,overton
10.5285/76cad0b4f6f141ada1c44a4ce9e7d4bd,Centre for Environmental Data Analysis (CEDA),Summary for Policymakers of the Working Group I Contribution to the IPCC Sixth Assessment Report - data for Figure SPM.1 (v20210809),2021.0,"['Gillett, Nathan P.', 'Malinina, Elizaveta', 'Kaufman, Darrell', 'Neukom, Raphael']",references,https://www.mext.go.jp/content/20230531-mxt_kankyou-100000543_9.pdf,Ipcc Ar6/wg1 広報資料（基礎編）,2023-03-28,"['Ministry of Education, Culture, Sports, Science and Technology']",Publication,Government of Japan,overton
10.5285/28e889210f884b469d7168fde4b4e54f,Centre for Environmental Data Analysis (CEDA),"ESA Permafrost Climate Change Initiative (Permafrost_cci): Permafrost extent for the Northern Hemisphere, v2.0",2020.0,"['Obu, Jaroslav', 'Westermann, Sebastian', 'Barboux, Chloé', 'Bartsch, Annett', 'Delaloye, Reynald', 'Grosse, Guido', 'Heim, Birgit', 'Hugelius, Gustaf', 'Irrgang, Anna', 'Kääb, Andreas Max', 'Kroisleitner, Christine', 'Matthes, Heidrun', 'Nitze, Ingmar', 'Pellet, Cécile', 'Seifert, Frank Martin', 'Strozzi, Tazio', 'Wegmüller, Urs', 'Wieczorek, Mareike', 'Wiesmann, Andreas']",references,https://oaarchive.arctic-council.org/handle/11374/3043,Arctic Peatlands and Mineral Wetlands Maps,2022-11-04,"['Hugelius, Gustaf', 'Barry, Tom', 'CAFF']",Publication,Arctic Council,overton
10.5285/28e889210f884b469d7168fde4b4e54f,Centre for Environmental Data Analysis (CEDA),"ESA Permafrost Climate Change Initiative (Permafrost_cci): Permafrost extent for the Northern Hemisphere, v2.0",2020.0,"['Obu, Jaroslav', 'Westermann, Sebastian', 'Barboux, Chloé', 'Bartsch, Annett', 'Delaloye, Reynald', 'Grosse, Guido', 'Heim, Birgit', 'Hugelius, Gustaf', 'Irrgang, Anna', 'Kääb, Andreas Max', 'Kroisleitner, Christine', 'Matthes, Heidrun', 'Nitze, Ingmar', 'Pellet, Cécile', 'Seifert, Frank Martin', 'Strozzi, Tazio', 'Wegmüller, Urs', 'Wieczorek, Mareike', 'Wiesmann, Andreas']",references,https://www.miljodirektoratet.no/publikasjoner/2021/mai-2021/fjernmaling-av-metanutslipp-ved-bruk-av-sentinel-5p-en-mulighetsstudie/,Fjernmåling av metanutslipp ved bruk av Sentinel-5P: en mulighetsstudie - Miljødirektoratet,2021-03-25,['Norwegian Environment Agency'],Publication,Norwegian Environment Agency,overton
10.5285/28e889210f884b469d7168fde4b4e54f,Centre for Environmental Data Analysis (CEDA),"ESA Permafrost Climate Change Initiative (Permafrost_cci): Permafrost extent for the Northern Hemisphere, v2.0",2020.0,"['Obu, Jaroslav', 'Westermann, Sebastian', 'Barboux, Chloé', 'Bartsch, Annett', 'Delaloye, Reynald', 'Grosse, Guido', 'Heim, Birgit', 'Hugelius, Gustaf', 'Irrgang, Anna', 'Kääb, Andreas Max', 'Kroisleitner, Christine', 'Matthes, Heidrun', 'Nitze, Ingmar', 'Pellet, Cécile', 'Seifert, Frank Martin', 'Strozzi, Tazio', 'Wegmüller, Urs', 'Wieczorek, Mareike', 'Wiesmann, Andreas']",references,https://nilu.brage.unit.no/nilu-xmlui/handle/11250/2756989,Fjernmåling av metanutslipp ved bruk av Sentinel-5P: en mulighetsstudie,2021-03-25,['Norsk Institutt for Luftforskning'],Publication,Norsk Institutt for Luftforskning,overton
10.5285/4c7fdfa6-f176-4c58-acee-683d5e9d2ed5,Centre for Environmental Data Analysis (CEDA),CRU TS3.23: Climatic Research Unit (CRU) Time-Series (TS) Version 3.23 of High Resolution Gridded Data of Month-by-month Variation in Climate (Jan.1901-Dec.2014),2015.0,"['Harris, Ian']",references,https://idrc-crdi.ca/en/node/123325,"Climate variability and impacts on maize (Zea mays) yield in Ghana, West Africa",2022-01-25,['International Development Research Centre'],Publication,International Development Research Centre,overton
